,PATH,dfs_path,dfs_node,dfs_fringe,bfs_path,bfs_node,bfs_fringe,euc_path,euc_node,euc_fringe,man_path,man_node,man_fringe
0,227,81,89,81,48,500,23,49,49,378,49,48,378
1,227,81,89,81,48,500,23,49,49,378,49,48,378
2,229,83,101,83,48,468,24,49,49,398,49,48,398
3,249,103,117,103,48,500,24,49,49,387,49,48,387
4,249,103,117,103,48,500,24,49,49,387,49,48,387
5,249,103,117,103,48,500,24,49,49,387,49,48,387
6,249,103,117,103,48,496,30,49,49,374,49,48,374
7,257,105,124,105,50,492,23,51,51,419,51,50,419
8,265,107,125,107,52,492,23,53,53,468,53,52,468
9,273,127,149,127,48,484,24,49,49,326,49,48,326
10,269,123,142,123,48,489,26,49,49,356,49,48,356
11,267,109,125,109,52,474,23,53,53,377,53,52,377
12,303,157,182,157,48,485,23,49,49,313,49,48,313
13,303,157,182,157,48,485,23,49,49,313,49,48,313
14,305,153,176,153,50,477,20,51,51,337,51,50,337
15,305,153,176,153,50,477,20,51,51,337,51,50,337
16,303,157,182,157,48,485,23,49,49,313,49,48,313
17,303,157,182,157,48,485,23,49,49,313,49,48,313
18,305,147,171,147,52,468,22,53,53,354,53,52,354
19,309,157,182,157,50,478,23,51,51,347,51,50,347
20,311,153,181,153,52,474,23,53,53,372,53,52,372
21,311,153,181,153,52,474,23,53,53,372,53,52,372
22,311,153,181,153,52,474,23,53,53,372,53,52,372
23,317,159,177,159,52,476,25,53,53,335,53,52,335
24,349,173,379,257,58,477,24,59,59,440,59,58,440
25,349,173,379,257,58,477,24,59,59,440,59,58,440
26,329,177,198,177,50,482,22,51,51,365,51,50,365
27,331,173,192,173,52,480,21,53,53,364,53,52,364
28,329,177,197,177,50,477,25,51,51,343,51,50,343
29,323,165,376,264,52,465,23,53,53,365,53,52,365
30,353,177,389,264,58,478,23,59,59,438,59,58,438
31,331,173,376,242,52,460,23,53,53,362,53,52,362
32,329,165,198,165,54,475,18,55,55,362,55,54,362
33,329,165,198,165,54,475,18,55,55,362,55,54,362
34,341,171,202,171,56,473,20,57,57,362,57,56,362
35,331,173,386,258,52,471,20,53,53,373,53,52,373
36,331,167,198,167,54,472,17,55,55,359,55,54,359
37,331,167,198,167,54,472,17,55,55,359,55,54,359
38,331,167,201,167,54,472,18,55,55,363,55,54,363
39,331,167,201,167,54,472,18,55,55,363,55,54,363
40,337,173,206,173,54,468,18,55,55,362,55,54,362
41,335,171,383,250,54,472,22,55,55,384,55,54,384
42,333,163,369,272,56,467,20,57,57,411,57,56,411
43,331,173,364,257,52,470,20,53,53,370,53,52,370
44,331,167,201,167,54,472,18,55,55,360,55,54,360
45,341,171,383,254,56,476,18,57,57,408,57,56,408
46,345,175,356,260,56,474,19,57,57,407,57,56,407
47,345,175,355,260,56,477,18,57,57,407,57,56,407
48,361,179,234,179,60,466,17,61,61,429,61,60,429
49,361,179,212,179,60,462,21,61,61,436,61,60,436
50,361,179,228,179,60,465,17,61,61,428,61,60,428
51,373,191,219,191,60,471,18,61,61,435,61,60,435
52,373,191,219,191,60,471,18,61,61,435,61,60,435
53,373,191,219,191,60,471,18,61,61,435,61,60,435
54,385,203,239,203,60,464,18,61,61,430,61,60,430
55,385,203,239,203,60,462,18,61,61,428,61,60,428
56,373,191,218,191,60,467,18,61,61,435,61,60,435
57,377,195,221,195,60,464,18,61,61,432,61,60,432
58,373,191,218,191,60,467,18,61,61,435,61,60,435
59,377,195,226,195,60,469,18,61,61,436,61,60,436
60,377,195,226,195,60,469,18,61,61,436,61,60,436
61,381,193,222,193,62,463,18,63,63,445,63,62,445
62,381,193,222,193,62,463,18,63,63,445,63,62,445
63,379,197,225,197,60,457,17,61,61,425,61,60,425
64,379,197,225,197,60,457,17,61,61,425,61,60,425
65,379,197,225,197,60,457,17,61,61,425,61,60,425
66,385,203,247,203,60,462,18,61,61,427,61,60,427
67,385,203,247,203,60,462,18,61,61,427,61,60,427
68,379,197,225,197,60,457,17,61,61,425,61,60,425
69,381,199,240,199,60,465,16,61,61,427,61,60,427
70,381,199,235,199,60,466,18,61,61,430,61,60,430
71,381,199,234,199,60,461,20,61,61,411,61,60,411
72,381,199,234,199,60,463,18,61,61,423,61,60,423
73,381,199,234,199,60,463,18,61,61,423,61,60,423
74,381,199,234,199,60,463,18,61,61,423,61,60,423
75,385,197,230,197,62,458,20,63,63,444,63,62,444
76,379,197,225,197,60,457,17,61,61,425,61,60,425
77,379,197,233,197,60,462,17,61,61,428,61,60,428
78,377,195,227,195,60,459,18,61,61,435,61,60,435
79,377,195,227,195,60,459,18,61,61,435,61,60,435
80,381,193,229,193,62,465,17,63,63,450,63,62,450
81,383,195,225,195,62,461,17,63,63,447,63,62,447
82,383,195,225,195,62,461,17,63,63,447,63,62,447
83,385,197,233,197,62,463,18,63,63,449,63,62,449
84,383,195,225,195,62,461,17,63,63,446,63,62,446
85,383,195,225,195,62,461,17,63,63,446,63,62,446
86,387,193,219,193,64,460,17,65,65,451,65,64,451
87,387,193,219,193,64,460,17,65,65,451,65,64,451
88,387,193,223,193,64,460,17,65,65,451,65,64,451
89,381,187,230,187,64,461,17,65,65,452,65,64,452
90,383,189,222,189,64,465,17,65,65,458,65,64,458
91,383,195,229,195,62,459,17,63,63,448,63,62,448
92,383,195,229,195,62,466,18,63,63,439,63,62,439
93,385,197,232,197,62,466,17,63,63,454,63,62,454
94,395,189,218,189,68,451,17,69,69,435,69,68,435
95,395,189,218,189,68,451,17,69,69,435,69,68,435
96,395,189,218,189,68,451,17,69,69,435,69,68,435
97,395,189,218,189,68,451,17,69,69,435,69,68,435
98,399,193,222,193,68,451,16,69,69,435,69,68,435
99,387,199,239,199,62,466,17,63,63,440,63,62,440
100,389,201,230,201,62,469,17,63,63,446,63,62,446
101,389,201,230,201,62,469,17,63,63,446,63,62,446
102,387,199,239,199,62,466,17,63,63,440,63,62,440
103,391,203,232,203,62,466,17,63,63,440,63,62,440
104,391,203,232,203,62,466,17,63,63,440,63,62,440
105,391,203,232,203,62,466,17,63,63,440,63,62,440
106,399,205,231,205,64,463,15,65,65,440,65,64,440
107,399,205,231,205,64,463,15,65,65,440,65,64,440
108,399,205,231,205,64,463,15,65,65,440,65,64,440
109,397,203,230,203,64,460,15,65,65,440,65,64,440
110,397,203,233,203,64,463,17,65,65,440,65,64,440
111,391,203,247,203,62,466,17,63,63,440,63,62,440
112,405,217,242,217,62,464,16,63,63,442,63,62,442
113,407,207,241,207,66,458,17,67,67,446,67,66,446
114,407,207,241,207,66,458,17,67,67,446,67,66,446
115,407,207,241,207,66,458,17,67,67,446,67,66,446
116,411,211,261,211,66,463,17,67,67,451,67,66,451
117,393,205,240,205,62,465,17,63,63,442,63,62,442
118,395,189,225,189,68,460,16,69,69,444,69,68,444
119,391,203,235,203,62,467,18,63,63,430,63,62,430
120,391,203,235,203,62,467,18,63,63,430,63,62,430
121,395,201,393,254,64,466,18,65,65,433,65,64,433
122,395,201,240,201,64,460,21,65,65,445,65,64,445
123,397,203,248,203,64,470,18,65,65,434,65,64,434
124,395,201,247,201,64,467,18,65,65,432,65,64,432
125,395,201,246,201,64,469,17,65,65,434,65,64,434
126,397,203,248,203,64,468,18,65,65,432,65,64,432
127,399,205,234,205,64,466,18,65,65,436,65,64,436
128,399,205,234,205,64,466,18,65,65,436,65,64,436
129,399,205,235,205,64,467,18,65,65,432,65,64,432
130,391,197,245,197,64,460,17,65,65,430,65,64,430
131,391,203,232,203,62,467,18,63,63,429,63,62,429
132,399,193,239,193,68,456,18,69,69,452,69,68,452
133,397,203,233,203,64,463,17,65,65,452,65,64,452
134,397,203,233,203,64,463,17,65,65,452,65,64,452
135,397,203,233,203,64,464,17,65,65,453,65,64,453
136,397,203,233,203,64,464,17,65,65,453,65,64,453
137,399,193,222,193,68,461,16,69,69,446,69,68,446
138,399,205,241,205,64,450,18,65,65,419,65,64,419
139,405,205,228,205,66,467,17,67,67,453,67,66,453
140,405,205,235,205,66,461,18,67,67,445,67,66,445
141,407,201,229,201,68,460,16,69,69,451,69,68,451
142,401,207,241,207,64,458,17,65,65,444,65,64,444
143,405,205,255,205,66,462,20,67,67,453,67,66,453
144,401,207,241,207,64,458,17,65,65,444,65,64,444
145,403,203,229,203,66,459,16,67,67,445,67,66,445
146,403,203,229,203,66,459,16,67,67,445,67,66,445
147,403,209,243,209,64,455,17,65,65,431,65,64,431
148,399,205,248,205,64,455,16,65,65,442,65,64,442
149,405,217,259,217,62,462,18,63,63,439,63,62,439
150,401,201,237,201,66,459,17,67,67,451,67,66,451
151,399,205,236,205,64,462,17,65,65,450,65,64,450
152,399,205,237,205,64,459,18,65,65,434,65,64,434
153,399,205,237,205,64,459,18,65,65,434,65,64,434
154,395,201,228,201,64,461,17,65,65,434,65,64,434
155,401,207,244,207,64,449,19,65,65,426,65,64,426
156,399,205,235,205,64,451,16,65,65,437,65,64,437
157,405,211,246,211,64,447,18,65,65,435,65,64,435
158,407,207,236,207,66,459,17,67,67,449,67,66,449
159,409,209,239,209,66,458,17,67,67,448,67,66,448
160,409,209,236,209,66,459,17,67,67,449,67,66,449
161,409,209,236,209,66,459,17,67,67,449,67,66,449
162,409,209,239,209,66,460,17,67,67,450,67,66,450
163,409,209,239,209,66,460,17,67,67,450,67,66,450
164,409,209,239,209,66,460,17,67,67,450,67,66,450
165,409,209,239,209,66,460,17,67,67,450,67,66,450
166,409,209,240,209,66,452,17,67,67,438,67,66,438
167,409,209,240,209,66,452,17,67,67,438,67,66,438
168,409,209,240,209,66,452,17,67,67,438,67,66,438
169,411,211,371,258,66,453,15,67,67,439,67,66,439
170,413,213,240,213,66,448,20,67,67,430,67,66,430
171,415,209,382,250,68,456,17,69,69,451,69,68,451
172,415,209,382,250,68,456,17,69,69,451,69,68,451
173,411,211,371,258,66,453,15,67,67,439,67,66,439
174,411,217,246,217,64,451,16,65,65,423,65,64,423
175,411,217,246,217,64,451,16,65,65,423,65,64,423
176,413,213,244,213,66,452,16,67,67,434,67,66,434
177,417,211,367,242,68,452,18,69,69,440,69,68,440
178,417,211,367,242,68,452,18,69,69,440,69,68,440
179,419,213,357,240,68,451,17,69,69,434,69,68,434
180,419,213,357,240,68,451,17,69,69,434,69,68,434
181,419,213,357,240,68,451,17,69,69,434,69,68,434
182,419,213,357,240,68,451,17,69,69,434,69,68,434
183,419,213,357,240,68,451,17,69,69,434,69,68,434
184,417,211,366,248,68,451,16,69,69,442,69,68,442
185,417,211,353,234,68,452,17,69,69,433,69,68,433
186,417,211,353,234,68,452,17,69,69,433,69,68,433
187,417,211,353,234,68,452,17,69,69,433,69,68,433
188,417,211,353,234,68,452,17,69,69,433,69,68,433
189,419,213,362,236,68,455,18,69,69,438,69,68,438
190,419,213,362,236,68,455,18,69,69,438,69,68,438
191,421,215,361,238,68,454,18,69,69,437,69,68,437
192,421,215,361,238,68,454,18,69,69,437,69,68,437
193,421,215,361,238,68,454,18,69,69,437,69,68,437
194,421,215,361,238,68,454,18,69,69,437,69,68,437
195,421,215,353,240,68,446,17,69,69,435,69,68,435
196,421,215,353,240,68,446,17,69,69,435,69,68,435
197,421,215,353,240,68,446,17,69,69,435,69,68,435
198,417,211,360,246,68,445,17,69,69,429,69,68,429
199,419,213,371,256,68,451,17,69,69,439,69,68,439
200,417,211,360,246,68,445,17,69,69,429,69,68,429
201,419,213,369,256,68,455,17,69,69,448,69,68,448
202,419,213,369,256,68,455,17,69,69,448,69,68,448
203,419,213,365,252,68,447,17,69,69,435,69,68,435
204,419,213,361,248,68,449,18,69,69,433,69,68,433
205,419,213,366,252,68,451,17,69,69,435,69,68,435
206,423,217,367,256,68,451,16,69,69,441,69,68,441
207,423,217,367,256,68,451,16,69,69,441,69,68,441
208,423,217,367,256,68,451,16,69,69,441,69,68,441
209,423,217,370,256,68,452,16,69,69,442,69,68,442
210,423,217,370,256,68,452,16,69,69,442,69,68,442
211,423,217,370,256,68,452,16,69,69,442,69,68,442
212,425,219,364,250,68,450,16,69,69,434,69,68,434
213,423,217,370,256,68,452,16,69,69,442,69,68,442
214,423,217,370,256,68,452,16,69,69,442,69,68,442
215,429,217,376,258,70,458,17,71,71,453,71,70,453
216,423,217,370,256,68,452,16,69,69,442,69,68,442
217,423,217,370,256,68,452,16,69,69,442,69,68,442
218,423,217,372,254,68,456,18,69,69,444,69,68,444
219,421,215,375,256,68,458,17,69,69,447,69,68,447
220,421,215,375,256,68,458,17,69,69,447,69,68,447
221,427,215,380,268,70,455,20,71,71,455,71,70,455
222,429,217,245,217,70,436,16,71,71,419,71,70,419
223,429,217,245,217,70,436,16,71,71,419,71,70,419
224,427,221,380,260,68,454,17,69,69,443,69,68,443
225,423,217,374,252,68,458,17,69,69,447,69,68,447
226,423,217,374,252,68,458,17,69,69,447,69,68,447
227,429,223,386,260,68,457,19,69,69,448,69,68,448
228,425,213,251,213,70,449,16,71,71,438,71,70,438
229,423,217,365,252,68,452,18,69,69,439,69,68,439
230,429,217,259,217,70,451,17,71,71,441,71,70,441
231,429,217,259,217,70,451,17,71,71,441,71,70,441
232,423,217,369,252,68,452,18,69,69,440,69,68,440
233,423,217,363,252,68,452,17,69,69,440,69,68,440
234,423,217,363,252,68,452,17,69,69,440,69,68,440
235,425,213,375,244,70,448,17,71,71,430,71,70,430
236,429,217,372,248,70,454,17,71,71,448,71,70,448
237,431,219,364,248,70,452,17,71,71,441,71,70,441
238,423,217,375,246,68,459,17,69,69,448,69,68,448
239,423,217,375,246,68,459,17,69,69,448,69,68,448
240,423,217,375,246,68,459,17,69,69,448,69,68,448
241,427,215,378,248,70,451,16,71,71,451,71,70,451
242,427,215,378,248,70,451,16,71,71,451,71,70,451
243,423,217,374,254,68,459,17,69,69,447,69,68,447
244,427,209,367,242,72,451,19,73,73,441,73,72,441
245,423,217,366,246,68,449,16,69,69,439,69,68,439
246,423,217,366,246,68,449,16,69,69,439,69,68,439
247,423,217,374,254,68,459,17,69,69,447,69,68,447
248,423,217,374,254,68,459,17,69,69,447,69,68,447
249,423,217,368,242,68,452,17,69,69,442,69,68,442
250,423,217,370,252,68,454,17,69,69,443,69,68,443
251,429,217,372,252,70,453,17,71,71,442,71,70,442
252,423,217,370,252,68,454,17,69,69,443,69,68,443
253,423,217,370,252,68,454,17,69,69,443,69,68,443
254,423,217,369,252,68,454,18,69,69,443,69,68,443
255,427,215,368,252,70,453,18,71,71,443,71,70,443
256,423,217,372,244,68,454,17,69,69,443,69,68,443
257,429,211,382,260,72,456,18,73,73,457,73,72,457
258,427,209,376,258,72,454,18,73,73,444,73,72,444
259,427,209,376,258,72,454,18,73,73,444,73,72,444
260,427,209,376,258,72,454,18,73,73,444,73,72,444
261,425,219,380,262,68,452,17,69,69,441,69,68,441
262,425,213,374,252,70,454,17,71,71,443,71,70,443
263,427,209,382,248,72,457,16,73,73,455,73,72,455
264,433,215,371,240,72,454,16,73,73,454,73,72,454
265,433,215,371,240,72,454,16,73,73,454,73,72,454
266,435,217,374,242,72,454,17,73,73,454,73,72,454
267,437,219,374,242,72,450,17,73,73,450,73,72,450
268,437,219,372,242,72,457,17,73,73,457,73,72,457
269,441,223,380,254,72,455,17,73,73,455,73,72,455
270,441,223,380,254,72,455,17,73,73,455,73,72,455
271,439,221,382,264,72,456,18,73,73,456,73,72,456
272,435,217,370,240,72,452,17,73,73,452,73,72,452
273,435,217,370,240,72,452,17,73,73,452,73,72,452
274,439,221,372,250,72,452,17,73,73,452,73,72,452
275,441,223,376,252,72,453,17,73,73,453,73,72,453
276,441,223,373,262,72,452,17,73,73,452,73,72,452
277,439,221,372,250,72,452,17,73,73,452,73,72,452
278,439,221,372,250,72,452,17,73,73,452,73,72,452
279,439,221,369,246,72,452,17,73,73,452,73,72,452
280,439,221,369,246,72,452,17,73,73,452,73,72,452
281,439,221,369,246,72,452,17,73,73,452,73,72,452
282,441,223,257,223,72,456,17,73,73,456,73,72,456
283,441,223,257,223,72,456,17,73,73,456,73,72,456
284,441,223,257,223,72,456,17,73,73,456,73,72,456
285,445,221,377,250,74,453,18,75,75,453,75,74,453
286,447,229,386,258,72,454,17,73,73,454,73,72,454
287,445,221,377,250,74,453,18,75,75,453,75,74,453
288,447,223,381,252,74,455,18,75,75,455,75,74,455
289,445,221,377,250,74,453,18,75,75,453,75,74,453
290,447,223,378,250,74,455,16,75,75,455,75,74,455
291,447,223,378,250,74,455,16,75,75,455,75,74,455
292,447,223,399,250,74,457,17,75,75,455,75,74,455
293,447,223,369,244,74,449,17,75,75,447,75,74,447
294,447,217,391,252,76,446,16,77,77,446,77,76,446
295,447,223,401,256,74,458,16,75,75,457,75,74,457
296,445,221,381,260,74,456,17,75,75,456,75,74,456
297,447,223,369,238,74,448,18,75,75,448,75,74,448
298,451,221,375,248,76,452,17,77,77,452,77,76,452
299,449,225,366,234,74,443,17,75,75,443,75,74,443
300,449,225,374,244,74,452,16,75,75,452,75,74,452
301,451,227,389,252,74,458,17,75,75,457,75,74,457
302,449,225,374,244,74,452,16,75,75,452,75,74,452
303,453,223,373,244,76,451,17,77,77,450,77,76,450
304,459,229,385,248,76,449,16,77,77,449,77,76,449
305,463,233,288,233,76,446,15,77,77,445,77,76,445
306,453,223,393,240,76,447,16,77,77,447,77,76,447
307,459,229,278,229,76,452,16,77,77,451,77,76,451
308,459,229,282,229,76,453,15,77,77,452,77,76,452
309,455,225,368,244,76,450,16,77,77,449,77,76,449
310,459,229,281,229,76,452,15,77,77,451,77,76,451
311,459,229,281,229,76,452,15,77,77,451,77,76,451
312,455,225,376,252,76,455,18,77,77,455,77,76,455
313,459,229,279,229,76,451,16,77,77,451,77,76,451
314,461,231,278,231,76,452,18,77,77,450,77,76,450
315,463,233,294,233,76,453,16,77,77,452,77,76,452
316,459,229,279,229,76,449,15,77,77,448,77,76,448
317,459,229,274,229,76,449,16,77,77,449,77,76,449
318,459,229,274,229,76,449,16,77,77,449,77,76,449
319,463,233,289,233,76,448,15,77,77,448,77,76,448
320,461,231,276,231,76,448,16,77,77,448,77,76,448
321,467,243,300,243,74,453,17,75,75,452,75,74,452
322,487,245,308,245,80,451,17,81,81,451,81,80,451
323,481,239,303,239,80,447,17,81,81,446,81,80,446
324,485,243,309,243,80,444,17,81,81,443,81,80,443
325,485,243,309,243,80,444,17,81,81,443,81,80,443
326,485,243,309,243,80,444,17,81,81,443,81,80,443
327,485,243,309,243,80,444,17,81,81,443,81,80,443
328,487,245,306,245,80,447,17,81,81,446,81,80,446
329,487,245,306,245,80,447,17,81,81,446,81,80,446
330,487,245,306,245,80,447,17,81,81,446,81,80,446
331,487,245,306,245,80,447,17,81,81,446,81,80,446
332,475,239,301,239,78,451,16,79,79,449,79,78,449
333,475,233,300,233,80,455,17,81,81,454,81,80,454
334,459,229,372,240,76,449,15,77,77,449,77,76,449
335,459,229,372,240,76,449,15,77,77,449,77,76,449
336,459,229,372,240,76,449,15,77,77,449,77,76,449
337,459,229,372,240,76,449,15,77,77,449,77,76,449
338,459,229,372,240,76,449,15,77,77,449,77,76,449
339,461,231,381,244,76,454,16,77,77,452,77,76,452
340,459,229,372,240,76,452,15,77,77,450,77,76,450
341,461,231,275,231,76,452,16,77,77,450,77,76,450
342,475,239,270,239,78,450,19,79,79,449,79,78,449
343,459,229,371,240,76,450,15,77,77,449,77,76,449
344,459,229,276,229,76,446,15,77,77,445,77,76,445
345,461,225,377,238,78,451,15,79,79,449,79,78,449
346,461,231,368,252,76,451,16,77,77,450,77,76,450
347,461,231,376,254,76,453,16,77,77,453,77,76,453
348,461,231,376,254,76,453,16,77,77,453,77,76,453
349,475,239,270,239,78,449,18,79,79,449,79,78,449
350,475,239,270,239,78,449,18,79,79,449,79,78,449
351,475,239,270,239,78,449,18,79,79,449,79,78,449
352,463,227,382,252,78,462,17,79,79,460,79,78,460
353,459,229,374,258,76,452,20,77,77,452,77,76,452
354,463,227,273,227,78,455,16,79,79,453,79,78,453
355,463,227,272,227,78,452,15,79,79,450,79,78,450
356,463,227,369,250,78,450,17,79,79,448,79,78,448
357,471,235,277,235,78,453,17,79,79,451,79,78,451
358,463,227,266,227,78,440,16,79,79,440,79,78,440
359,461,231,384,264,76,456,19,77,77,456,77,76,456
360,463,227,365,246,78,449,16,79,79,447,79,78,447
361,463,227,365,246,78,449,16,79,79,447,79,78,447
362,469,227,263,227,80,443,18,81,81,442,81,80,442
363,463,227,376,255,78,451,20,79,79,450,79,78,450
364,469,233,370,260,78,448,19,79,79,447,79,78,447
365,471,229,265,229,80,448,17,81,81,446,81,80,446
366,465,229,377,252,78,453,19,79,79,452,79,78,452
367,471,229,261,229,80,447,17,81,81,446,81,80,446
368,465,229,371,254,78,449,18,79,79,447,79,78,447
369,467,225,379,256,80,457,19,81,81,455,81,80,455
370,479,231,261,231,82,442,16,83,83,441,83,82,441
371,479,231,261,231,82,442,16,83,83,441,83,82,441
372,479,231,261,231,82,442,16,83,83,441,83,82,441
373,477,235,267,235,80,448,19,81,81,446,81,80,446
374,477,235,267,235,80,448,19,81,81,446,81,80,446
375,477,235,267,235,80,447,19,81,81,445,81,80,445
376,477,235,267,235,80,447,19,81,81,445,81,80,445
377,477,229,264,229,82,450,15,83,83,448,83,82,448
378,477,235,266,235,80,445,17,81,81,444,81,80,444
379,475,233,266,233,80,446,17,81,81,444,81,80,444
380,477,235,272,235,80,450,17,81,81,449,81,80,449
381,477,235,272,235,80,450,17,81,81,449,81,80,449
382,477,235,272,235,80,450,17,81,81,449,81,80,449
383,467,231,261,231,78,450,16,79,79,448,79,78,448
384,469,227,290,227,80,449,14,81,81,448,81,80,448
385,475,233,273,233,80,449,15,81,81,448,81,80,448
386,477,229,277,229,82,443,17,83,83,442,83,82,442
387,469,233,371,249,78,444,17,79,79,442,79,78,442
388,477,229,271,229,82,447,18,83,83,445,83,82,445
389,463,227,371,250,78,455,16,79,79,454,79,78,454
390,469,227,364,252,80,442,16,81,81,440,81,80,440
391,469,227,364,252,80,441,16,81,81,439,81,80,439
392,469,227,364,252,80,441,16,81,81,439,81,80,439
393,469,227,364,252,80,441,16,81,81,439,81,80,439
394,469,227,364,252,80,441,16,81,81,439,81,80,439
395,469,227,364,252,80,441,16,81,81,439,81,80,439
396,469,227,365,252,80,442,15,81,81,440,81,80,440
397,469,227,369,258,80,447,15,81,81,445,81,80,445
398,469,227,366,252,80,441,15,81,81,440,81,80,440
399,469,227,366,252,80,441,15,81,81,440,81,80,440
400,485,231,278,231,84,450,16,85,85,448,85,84,448
401,487,233,281,233,84,447,16,85,85,445,85,84,445
402,487,233,281,233,84,447,16,85,85,445,85,84,445
403,487,233,281,233,84,447,16,85,85,445,85,84,445
404,487,233,281,233,84,447,16,85,85,445,85,84,445
405,489,235,281,235,84,445,16,85,85,443,85,84,443
406,489,235,281,235,84,445,16,85,85,443,85,84,443
407,489,235,281,235,84,445,16,85,85,443,85,84,443
408,495,235,283,235,86,446,16,87,87,444,87,86,444
409,489,235,281,235,84,445,16,85,85,443,85,84,443
410,495,235,286,235,86,445,17,87,87,444,87,86,444
411,491,237,284,237,84,449,17,85,85,449,85,84,449
412,489,235,281,235,84,445,16,85,85,443,85,84,443
413,491,237,287,237,84,450,17,85,85,448,85,84,448
414,491,237,287,237,84,450,17,85,85,448,85,84,448
415,493,239,281,239,84,444,17,85,85,443,85,84,443
416,491,237,287,237,84,450,17,85,85,448,85,84,448
417,493,233,302,233,86,443,17,87,87,441,87,86,441
418,499,233,302,233,88,441,17,89,89,439,89,88,439
419,493,239,291,239,84,451,17,85,85,450,85,84,450
420,495,241,288,241,84,451,17,85,85,450,85,84,450
421,493,239,291,239,84,451,17,85,85,450,85,84,450
422,491,237,285,237,84,452,17,85,85,451,85,84,451
423,495,247,303,247,82,448,17,83,83,448,83,82,448
424,495,247,303,247,82,448,17,83,83,448,83,82,448
425,497,243,288,243,84,444,17,85,85,444,85,84,444
426,499,245,295,245,84,442,16,85,85,442,85,84,442
427,499,245,295,245,84,442,16,85,85,442,85,84,442
428,499,245,295,245,84,442,16,85,85,442,85,84,442
429,497,243,288,243,84,444,17,85,85,444,85,84,444
430,495,241,296,241,84,443,17,85,85,443,85,84,443
431,499,245,294,245,84,445,16,85,85,445,85,84,445
432,505,245,303,245,86,442,16,87,87,441,87,86,441
433,499,239,280,239,86,439,15,87,87,439,87,86,439
434,503,249,296,249,84,441,16,85,85,441,85,84,441
435,503,249,296,249,84,443,16,85,85,443,85,84,443
436,503,249,296,249,84,441,16,85,85,441,85,84,441
437,503,249,298,249,84,446,16,85,85,445,85,84,445
438,499,245,280,245,84,450,17,85,85,449,85,84,449
439,501,247,287,247,84,448,18,85,85,447,85,84,447
440,497,243,286,243,84,445,16,85,85,444,85,84,444
441,499,245,302,245,84,444,16,85,85,444,85,84,444
442,503,237,285,237,88,439,16,89,89,439,89,88,439
443,505,239,287,239,88,441,16,89,89,441,89,88,441
444,509,237,285,237,90,444,19,91,91,442,91,90,442
445,511,239,288,239,90,447,20,91,91,445,91,90,445
446,515,243,297,243,90,442,15,91,91,440,91,90,440
447,521,249,300,249,90,444,15,91,91,442,91,90,442
448,515,243,287,243,90,441,16,91,91,440,91,90,440
449,511,239,303,239,90,441,15,91,91,440,91,90,440
450,505,251,302,251,84,448,16,85,85,447,85,84,447
451,519,247,292,247,90,442,15,91,91,441,91,90,441
452,517,245,294,245,90,441,15,91,91,440,91,90,440
453,519,247,299,247,90,438,15,91,91,437,91,90,437
454,519,247,308,247,90,447,15,91,91,446,91,90,446
455,515,243,299,243,90,443,15,91,91,442,91,90,442
456,517,245,298,245,90,441,19,91,91,440,91,90,440
457,515,243,306,243,90,439,19,91,91,438,91,90,438
458,515,243,306,243,90,439,19,91,91,438,91,90,438
459,517,245,298,245,90,441,19,91,91,440,91,90,440
460,517,245,296,245,90,439,15,91,91,439,91,90,439
461,519,247,289,247,90,445,15,91,91,444,91,90,444
462,525,247,299,247,92,435,15,93,93,433,93,92,433
463,525,247,299,247,92,435,15,93,93,433,93,92,433
464,525,247,302,247,92,437,15,93,93,435,93,92,435
465,529,251,298,251,92,440,15,93,93,439,93,92,439
466,525,247,307,247,92,439,16,93,93,439,93,92,439
467,525,247,307,247,92,439,16,93,93,439,93,92,439
468,527,249,296,249,92,431,16,93,93,430,93,92,430
469,529,251,304,251,92,435,15,93,93,436,93,92,436
470,529,251,306,251,92,440,16,93,93,439,93,92,439
471,529,251,306,251,92,440,16,93,93,439,93,92,439
472,525,247,305,247,92,438,15,93,93,436,93,92,436
473,527,249,301,249,92,434,15,93,93,435,93,92,435
474,525,247,301,247,92,441,16,93,93,440,93,92,440
475,529,251,303,251,92,439,16,93,93,438,93,92,438
476,525,247,305,247,92,439,15,93,93,437,93,92,437
477,527,249,292,249,92,435,15,93,93,434,93,92,434
478,541,263,317,263,92,426,15,93,93,427,93,92,427
479,545,267,320,267,92,431,15,93,93,432,93,92,432
480,543,265,321,265,92,433,15,93,93,432,93,92,432
481,547,269,324,269,92,439,15,93,93,437,93,92,437
482,527,249,298,249,92,439,16,93,93,437,93,92,437
483,531,247,318,247,94,438,18,95,95,436,95,94,436
484,525,247,286,247,92,440,14,93,93,439,93,92,439
485,527,249,296,249,92,443,14,93,93,442,93,92,442
486,527,249,296,249,92,443,14,93,93,442,93,92,442
487,527,249,296,249,92,443,14,93,93,442,93,92,442
488,527,249,296,249,92,440,14,93,93,439,93,92,439
489,531,247,303,247,94,439,18,95,95,437,95,94,437
490,525,247,294,247,92,439,14,93,93,438,93,92,438
491,527,249,305,249,92,443,15,93,93,442,93,92,442
492,527,249,305,249,92,443,15,93,93,442,93,92,442
493,529,251,304,251,92,438,15,93,93,437,93,92,437
494,531,253,308,253,92,435,15,93,93,434,93,92,434
495,529,251,304,251,92,438,15,93,93,437,93,92,437
496,533,255,306,255,92,438,15,93,93,439,93,92,439
497,535,257,311,257,92,441,15,93,93,440,93,92,440
498,535,257,311,257,92,441,15,93,93,440,93,92,440
499,531,253,304,253,92,433,18,93,93,434,93,92,434
500,533,255,305,255,92,436,18,93,93,437,93,92,437
501,533,255,305,255,92,434,18,93,93,435,93,92,435
502,533,255,305,255,92,434,18,93,93,435,93,92,435
503,535,257,307,257,92,440,15,93,93,438,93,92,438
504,537,259,307,259,92,438,15,93,93,438,93,92,438
505,535,257,307,257,92,440,15,93,93,438,93,92,438
506,539,261,311,261,92,436,19,93,93,435,93,92,435
507,539,261,311,261,92,436,19,93,93,435,93,92,435
508,533,255,308,255,92,439,17,93,93,437,93,92,437
509,537,247,312,247,96,434,20,97,97,433,97,96,433
510,533,255,305,255,92,438,18,93,93,437,93,92,437
511,531,253,303,253,92,437,15,93,93,438,93,92,438
512,533,255,310,255,92,444,17,93,93,442,93,92,442
513,531,253,309,253,92,434,17,93,93,435,93,92,435
514,535,257,309,257,92,443,17,93,93,441,93,92,441
515,537,247,311,247,96,433,21,97,97,434,97,96,434
516,529,251,304,251,92,438,15,93,93,437,93,92,437
517,531,253,307,253,92,440,15,93,93,439,93,92,439
518,533,255,308,255,92,442,15,93,93,442,93,92,442
519,531,253,305,253,92,438,15,93,93,436,93,92,436
520,531,253,303,253,92,437,15,93,93,435,93,92,435
521,531,253,308,253,92,438,15,93,93,437,93,92,437
522,531,253,308,253,92,438,15,93,93,439,93,92,439
523,531,253,308,253,92,440,15,93,93,441,93,92,441
524,529,251,299,251,92,436,15,93,93,437,93,92,437
525,533,255,302,255,92,432,20,93,93,433,93,92,433
526,545,255,302,255,96,432,20,97,97,433,97,96,433
527,539,249,299,249,96,430,22,97,97,431,97,96,431
528,533,255,306,255,92,439,15,93,93,439,93,92,439
529,533,255,306,255,92,439,15,93,93,439,93,92,439
530,531,253,308,253,92,437,15,93,93,438,93,92,438
531,531,253,306,253,92,439,15,93,93,437,93,92,437
532,529,251,310,251,92,438,15,93,93,438,93,92,438
533,531,253,306,253,92,436,15,93,93,437,93,92,437
534,533,255,307,255,92,437,15,93,93,438,93,92,438
535,533,243,293,243,96,435,22,97,97,435,97,96,435
536,531,253,307,253,92,440,15,93,93,441,93,92,441
537,529,251,307,251,92,437,15,93,93,437,93,92,437
538,545,267,319,267,92,433,15,93,93,434,93,92,434
539,545,267,319,267,92,433,15,93,93,434,93,92,434
540,539,267,319,267,90,433,14,91,91,434,91,90,434
541,537,253,307,253,94,427,16,95,95,428,95,94,428
542,529,251,308,251,92,437,15,93,93,436,93,92,436
543,533,255,306,255,92,435,15,93,93,436,93,92,436
544,531,247,302,247,94,435,15,95,95,436,95,94,436
545,531,253,302,253,92,439,15,93,93,440,93,92,440
546,531,253,304,253,92,437,15,93,93,438,93,92,438
547,531,247,299,247,94,433,17,95,95,434,95,94,434
548,531,253,308,253,92,434,15,93,93,435,93,92,435
549,531,247,300,247,94,434,17,95,95,434,95,94,434
550,531,247,300,247,94,431,16,95,95,432,95,94,432
551,531,247,300,247,94,431,16,95,95,432,95,94,432
552,531,247,300,247,94,431,16,95,95,432,95,94,432
553,531,247,307,247,94,432,16,95,95,433,95,94,433
554,533,249,305,249,94,433,16,95,95,434,95,94,434
555,533,249,305,249,94,433,16,95,95,434,95,94,434
556,533,249,305,249,94,433,16,95,95,434,95,94,434
557,535,245,311,245,96,430,15,97,97,431,97,96,431
558,533,249,308,249,94,435,17,95,95,435,95,94,435
559,531,247,299,247,94,432,17,95,95,433,95,94,433
560,531,247,299,247,94,432,17,95,95,433,95,94,433
561,535,251,309,251,94,434,17,95,95,433,95,94,433
562,535,251,309,251,94,434,17,95,95,433,95,94,433
563,533,249,305,249,94,434,17,95,95,435,95,94,435
564,533,249,305,249,94,434,17,95,95,435,95,94,435
565,533,249,305,249,94,434,17,95,95,435,95,94,435
566,533,249,305,249,94,434,17,95,95,435,95,94,435
567,537,259,303,259,92,427,19,93,93,428,93,92,428
568,533,255,314,255,92,438,15,93,93,438,93,92,438
569,539,249,303,249,96,428,20,97,97,429,97,96,429
570,541,251,300,251,96,428,20,97,97,429,97,96,429
571,537,259,323,259,92,434,18,93,93,435,93,92,435
572,535,251,304,251,94,435,17,95,95,436,95,94,436
573,541,251,304,251,96,429,20,97,97,429,97,96,429
574,537,247,303,247,96,433,20,97,97,432,97,96,432
575,541,251,300,251,96,425,21,97,97,426,97,96,426
576,549,265,304,265,94,427,22,95,95,428,95,94,428
577,563,267,314,267,98,423,21,99,99,424,99,98,424
578,551,261,306,261,96,426,22,97,97,427,97,96,427
579,553,263,313,263,96,432,22,97,97,432,97,96,432
580,543,253,305,253,96,430,21,97,97,430,97,96,430
581,543,253,305,253,96,429,21,97,97,430,97,96,430
582,543,253,305,253,96,429,21,97,97,430,97,96,430
583,545,255,309,255,96,431,21,97,97,432,97,96,432
584,545,255,309,255,96,431,21,97,97,432,97,96,432
585,545,255,309,255,96,431,21,97,97,432,97,96,432
586,545,255,309,255,96,431,21,97,97,432,97,96,432
587,545,255,308,255,96,430,21,97,97,431,97,96,431
588,545,255,309,255,96,429,21,97,97,430,97,96,430
589,547,257,308,257,96,431,21,97,97,432,97,96,432
590,545,255,310,255,96,430,20,97,97,431,97,96,431
591,545,255,310,255,96,430,20,97,97,431,97,96,431
592,545,255,310,255,96,430,20,97,97,431,97,96,431
593,545,255,310,255,96,430,20,97,97,431,97,96,431
594,547,257,309,257,96,431,20,97,97,432,97,96,432
595,547,257,301,257,96,429,20,97,97,430,97,96,430
596,551,255,313,255,98,428,20,99,99,429,99,98,429
597,555,259,310,259,98,428,20,99,99,429,99,98,429
598,555,259,310,259,98,428,20,99,99,429,99,98,429
599,555,259,310,259,98,428,20,99,99,429,99,98,429
600,553,257,307,257,98,426,20,99,99,427,99,98,427
601,553,257,307,257,98,426,20,99,99,427,99,98,427
602,553,257,307,257,98,425,21,99,99,426,99,98,426
603,549,253,304,253,98,426,21,99,99,427,99,98,427
604,549,253,304,253,98,426,21,99,99,427,99,98,427
605,551,255,305,255,98,425,17,99,99,426,99,98,426
606,553,257,311,257,98,429,21,99,99,430,99,98,430
607,555,259,310,259,98,430,21,99,99,431,99,98,431
608,553,257,311,257,98,429,21,99,99,430,99,98,430
609,551,255,310,255,98,427,19,99,99,428,99,98,428
610,551,255,308,255,98,426,19,99,99,427,99,98,427
611,549,253,311,253,98,428,21,99,99,429,99,98,429
612,553,257,311,257,98,429,21,99,99,430,99,98,430
613,553,257,311,257,98,429,21,99,99,430,99,98,430
614,551,255,308,255,98,428,21,99,99,429,99,98,429
615,553,257,309,257,98,429,21,99,99,430,99,98,430
616,553,257,309,257,98,429,21,99,99,430,99,98,430
617,553,257,309,257,98,429,21,99,99,430,99,98,430
618,553,257,309,257,98,429,21,99,99,430,99,98,430
619,557,261,303,261,98,428,21,99,99,429,99,98,429
620,555,259,312,259,98,431,21,99,99,432,99,98,432
621,555,259,312,259,98,431,21,99,99,432,99,98,432
622,555,259,315,259,98,425,21,99,99,426,99,98,426
623,555,259,310,259,98,430,21,99,99,431,99,98,431
624,557,261,312,261,98,431,21,99,99,432,99,98,432
625,555,259,310,259,98,430,21,99,99,431,99,98,431
626,555,259,310,259,98,430,21,99,99,431,99,98,431
627,555,259,310,259,98,430,21,99,99,431,99,98,431
628,555,259,310,259,98,430,21,99,99,431,99,98,431
629,555,259,310,259,98,430,21,99,99,431,99,98,431
630,555,259,310,259,98,430,21,99,99,431,99,98,431
631,555,259,312,259,98,429,21,99,99,430,99,98,430
632,555,259,309,259,98,429,21,99,99,430,99,98,430
633,557,261,310,261,98,429,21,99,99,430,99,98,430
634,555,259,311,259,98,430,21,99,99,431,99,98,431
635,555,259,311,259,98,430,21,99,99,431,99,98,431
636,555,259,311,259,98,430,21,99,99,431,99,98,431
637,557,261,312,261,98,431,21,99,99,432,99,98,432
638,557,261,312,261,98,431,21,99,99,432,99,98,432
639,557,261,312,261,98,431,21,99,99,432,99,98,432
640,557,261,313,261,98,433,20,99,99,434,99,98,434
641,557,261,313,261,98,433,20,99,99,434,99,98,434
642,557,261,313,261,98,433,20,99,99,434,99,98,434
643,557,261,312,261,98,430,21,99,99,431,99,98,431
644,557,261,312,261,98,430,21,99,99,431,99,98,431
645,557,261,312,261,98,430,21,99,99,431,99,98,431
646,555,259,311,259,98,429,21,99,99,430,99,98,430
647,557,261,312,261,98,432,20,99,99,433,99,98,433
648,557,261,312,261,98,432,20,99,99,433,99,98,433
649,557,261,312,261,98,432,20,99,99,433,99,98,433
650,557,261,310,261,98,430,20,99,99,431,99,98,431
651,557,261,315,261,98,433,21,99,99,434,99,98,434
652,557,261,315,261,98,433,21,99,99,434,99,98,434
653,557,261,315,261,98,433,21,99,99,434,99,98,434
654,557,261,315,261,98,433,21,99,99,434,99,98,434
655,557,261,310,261,98,430,20,99,99,431,99,98,431
656,557,261,310,261,98,430,20,99,99,431,99,98,431
657,557,261,310,261,98,430,20,99,99,431,99,98,431
658,557,261,315,261,98,433,21,99,99,434,99,98,434
659,557,261,312,261,98,431,21,99,99,432,99,98,432
660,559,263,305,263,98,429,20,99,99,430,99,98,430
661,557,261,312,261,98,431,21,99,99,432,99,98,432
662,557,261,313,261,98,433,20,99,99,434,99,98,434
663,557,261,313,261,98,432,21,99,99,433,99,98,433
664,557,261,312,261,98,432,20,99,99,433,99,98,433
665,557,261,312,261,98,432,20,99,99,433,99,98,433
666,557,261,312,261,98,431,21,99,99,432,99,98,432
667,557,261,312,261,98,431,21,99,99,432,99,98,432
668,563,267,313,267,98,427,20,99,99,428,99,98,428
669,563,267,313,267,98,427,20,99,99,428,99,98,428
670,563,267,313,267,98,427,20,99,99,428,99,98,428
671,557,261,312,261,98,431,21,99,99,432,99,98,432
672,559,263,303,263,98,428,21,99,99,429,99,98,429
673,563,267,327,267,98,426,21,99,99,427,99,98,427
674,567,271,324,271,98,425,21,99,99,426,99,98,426
675,561,247,293,247,104,427,21,105,105,428,105,104,428
676,557,261,312,261,98,429,21,99,99,430,99,98,430
677,557,261,312,261,98,429,21,99,99,430,99,98,430
678,557,261,312,261,98,429,21,99,99,430,99,98,430
679,561,247,294,247,104,432,19,105,105,431,105,104,431
680,557,261,312,261,98,429,21,99,99,430,99,98,430
681,557,261,311,261,98,430,21,99,99,431,99,98,431
682,557,261,310,261,98,429,21,99,99,430,99,98,430
683,559,263,312,263,98,427,21,99,99,428,99,98,428
684,559,263,312,263,98,427,21,99,99,428,99,98,428
685,559,263,312,263,98,427,21,99,99,428,99,98,428
686,559,263,312,263,98,428,21,99,99,429,99,98,429
687,559,263,312,263,98,428,21,99,99,429,99,98,429
688,559,263,312,263,98,428,21,99,99,429,99,98,429
689,559,263,312,263,98,428,21,99,99,429,99,98,429
690,557,261,310,261,98,430,20,99,99,431,99,98,431
691,667,245,309,245,140,426,13,141,141,427,141,140,427
692,557,261,310,261,98,431,20,99,99,432,99,98,432
693,557,261,311,261,98,426,21,99,99,427,99,98,427
694,559,263,312,263,98,429,20,99,99,430,99,98,430
695,559,263,312,263,98,429,20,99,99,430,99,98,430
696,557,261,310,261,98,428,21,99,99,429,99,98,429
697,557,261,310,261,98,428,21,99,99,429,99,98,429
698,557,261,310,261,98,428,21,99,99,429,99,98,429
699,557,261,310,261,98,429,21,99,99,430,99,98,430
700,559,263,311,263,98,424,18,99,99,425,99,98,425
701,563,267,307,267,98,430,18,99,99,430,99,98,430
702,559,263,311,263,98,424,18,99,99,425,99,98,425
703,559,263,310,263,98,425,22,99,99,426,99,98,426
704,557,261,309,261,98,429,21,99,99,429,99,98,429
705,557,261,309,261,98,429,21,99,99,429,99,98,429
706,559,263,311,263,98,426,22,99,99,427,99,98,427
707,559,263,311,263,98,426,22,99,99,427,99,98,427
708,559,263,311,263,98,426,22,99,99,427,99,98,427
709,559,263,311,263,98,426,22,99,99,427,99,98,427
710,559,263,311,263,98,426,22,99,99,427,99,98,427
711,571,251,297,251,106,426,23,107,107,427,107,106,427
712,559,263,310,263,98,424,22,99,99,424,99,98,424
713,559,263,310,263,98,426,22,99,99,426,99,98,426
714,557,261,309,261,98,429,21,99,99,429,99,98,429
715,559,263,313,263,98,429,20,99,99,430,99,98,430
716,557,261,309,261,98,428,21,99,99,428,99,98,428
717,559,257,308,257,100,427,21,101,101,427,101,100,427
718,561,265,309,265,98,423,21,99,99,424,99,98,424
719,559,257,309,257,100,427,21,101,101,428,101,100,428
720,557,261,310,261,98,429,21,99,99,430,99,98,430
721,559,263,313,263,98,426,20,99,99,426,99,98,426
722,559,263,313,263,98,426,20,99,99,426,99,98,426
723,559,263,313,263,98,426,20,99,99,426,99,98,426
724,557,261,309,261,98,429,21,99,99,430,99,98,430
725,557,261,309,261,98,429,21,99,99,430,99,98,430
726,557,261,309,261,98,429,21,99,99,430,99,98,430
727,661,245,282,245,138,421,14,139,139,422,139,138,422
728,663,247,283,247,138,423,13,139,139,424,139,138,424
729,663,247,283,247,138,423,13,139,139,424,139,138,424
730,665,249,293,249,138,424,14,139,139,424,139,138,424
731,667,251,295,251,138,425,13,139,139,426,139,138,426
732,667,251,295,251,138,425,13,139,139,426,139,138,426
733,667,251,295,251,138,427,14,139,139,428,139,138,428
734,667,251,295,251,138,427,14,139,139,428,139,138,428
735,667,251,295,251,138,427,14,139,139,428,139,138,428
736,667,251,295,251,138,427,14,139,139,428,139,138,428
737,667,251,295,251,138,426,13,139,139,427,139,138,427
738,671,249,285,249,140,425,14,141,141,426,141,140,426
739,689,261,305,261,142,425,13,143,143,425,143,142,425
740,691,263,304,263,142,425,13,143,143,426,143,142,426
741,689,261,305,261,142,425,13,143,143,425,143,142,425
742,667,245,288,245,140,427,14,141,141,428,141,140,428
743,675,247,289,247,142,424,13,143,143,424,143,142,424
744,669,253,284,253,138,427,14,139,139,427,139,138,427
745,669,247,289,247,140,422,13,141,141,423,141,140,423
746,669,253,285,253,138,428,14,139,139,429,139,138,429
747,669,253,285,253,138,428,14,139,139,429,139,138,429
748,671,255,298,255,138,430,14,139,139,431,139,138,431
749,675,253,295,253,140,424,13,141,141,425,141,140,425
750,675,253,295,253,140,424,13,141,141,425,141,140,425
751,675,253,285,253,140,426,13,141,141,427,141,140,427
752,671,255,300,255,138,430,13,139,139,431,139,138,431
753,671,255,290,255,138,428,13,139,139,428,139,138,428
754,671,255,291,255,138,429,14,139,139,430,139,138,430
755,671,255,299,255,138,428,13,139,139,428,139,138,428
756,671,255,299,255,138,428,13,139,139,428,139,138,428
757,675,247,294,247,142,424,14,143,143,425,143,142,425
758,683,255,299,255,142,424,12,143,143,424,143,142,424
759,679,251,287,251,142,423,13,143,143,423,143,142,423
760,677,249,297,249,142,424,14,143,143,425,143,142,425
761,677,249,297,249,142,424,14,143,143,425,143,142,425
762,679,251,295,251,142,425,14,143,143,426,143,142,426
763,679,251,296,251,142,421,13,143,143,421,143,142,421
764,675,247,282,247,142,419,13,143,143,420,143,142,420
765,691,257,300,257,144,418,13,145,145,419,145,144,419
766,669,253,293,253,138,427,12,139,139,427,139,138,427
767,669,253,293,253,138,427,12,139,139,427,139,138,427
768,669,253,293,253,138,427,12,139,139,427,139,138,427
769,669,253,297,253,138,429,12,139,139,429,139,138,429
770,671,243,302,243,142,425,13,143,143,426,143,142,426
771,669,253,297,253,138,426,13,139,139,427,139,138,427
772,669,253,297,253,138,426,13,139,139,427,139,138,427
773,669,253,297,253,138,426,13,139,139,427,139,138,427
774,669,253,297,253,138,426,13,139,139,427,139,138,427
775,669,253,297,253,138,426,13,139,139,427,139,138,427
776,669,253,297,253,138,428,14,139,139,429,139,138,429
777,669,253,297,253,138,428,14,139,139,428,139,138,428
778,673,257,302,257,138,425,12,139,139,426,139,138,426
779,673,257,302,257,138,425,12,139,139,426,139,138,426
780,673,257,302,257,138,425,12,139,139,426,139,138,426
781,673,257,302,257,138,425,12,139,139,426,139,138,426
782,673,257,302,257,138,425,12,139,139,426,139,138,426
783,673,257,302,257,138,425,12,139,139,426,139,138,426
784,667,251,294,251,138,426,14,139,139,427,139,138,427
785,667,251,295,251,138,426,13,139,139,427,139,138,427
786,671,237,287,237,144,418,13,145,145,419,145,144,419
787,671,237,287,237,144,418,13,145,145,419,145,144,419
788,669,253,296,253,138,426,13,139,139,426,139,138,426
789,669,253,296,253,138,426,13,139,139,426,139,138,426
790,669,253,296,253,138,426,13,139,139,426,139,138,426
791,669,253,296,253,138,427,13,139,139,428,139,138,428
792,675,259,303,259,138,422,13,139,139,423,139,138,423
793,669,253,296,253,138,427,13,139,139,428,139,138,428
794,669,253,296,253,138,425,13,139,139,426,139,138,426
795,669,253,296,253,138,425,13,139,139,426,139,138,426
796,669,253,296,253,138,425,13,139,139,426,139,138,426
797,671,249,292,249,140,419,12,141,141,420,141,140,420
798,669,253,295,253,138,426,14,139,139,427,139,138,427
799,669,253,299,253,138,429,13,139,139,430,139,138,430
800,669,253,297,253,138,428,13,139,139,429,139,138,429
801,669,253,297,253,138,428,13,139,139,429,139,138,429
802,669,253,297,253,138,428,13,139,139,429,139,138,429
803,669,253,297,253,138,428,13,139,139,429,139,138,429
804,669,253,297,253,138,428,13,139,139,429,139,138,429
805,669,253,297,253,138,428,13,139,139,429,139,138,429
806,669,253,297,253,138,428,13,139,139,429,139,138,429
807,669,253,295,253,138,426,13,139,139,427,139,138,427
808,669,253,295,253,138,426,13,139,139,427,139,138,427
809,669,253,295,253,138,426,13,139,139,427,139,138,427
810,669,253,295,253,138,426,13,139,139,427,139,138,427
811,669,253,295,253,138,426,13,139,139,427,139,138,427
812,669,253,295,253,138,426,13,139,139,427,139,138,427
813,669,253,295,253,138,426,13,139,139,427,139,138,427
814,669,253,303,253,138,429,14,139,139,430,139,138,430
815,669,253,299,253,138,422,13,139,139,423,139,138,423
816,669,253,299,253,138,422,13,139,139,423,139,138,423
817,673,257,308,257,138,423,13,139,139,424,139,138,424
818,669,241,293,241,142,418,13,143,143,419,143,142,419
819,671,237,298,237,144,416,11,145,145,417,145,144,417
820,671,237,298,237,144,416,11,145,145,417,145,144,417
821,671,237,298,237,144,416,11,145,145,417,145,144,417
822,673,239,300,239,144,422,14,145,145,422,145,144,422
823,673,239,300,239,144,422,14,145,145,422,145,144,422
824,675,241,300,241,144,424,14,145,145,425,145,144,425
825,671,237,299,237,144,422,14,145,145,422,145,144,422
826,671,237,299,237,144,422,14,145,145,422,145,144,422
827,671,255,302,255,138,423,14,139,139,424,139,138,424
828,675,253,311,253,140,418,13,141,141,419,141,140,419
829,675,253,311,253,140,418,13,141,141,419,141,140,419
830,675,253,311,253,140,418,13,141,141,419,141,140,419
831,683,261,306,261,140,424,12,141,141,425,141,140,425
832,677,249,308,249,142,411,10,143,143,412,143,142,412
833,683,261,308,261,140,420,10,141,141,421,141,140,421
834,681,259,306,259,140,420,13,141,141,421,141,140,421
835,681,259,306,259,140,420,13,141,141,421,141,140,421
836,683,261,306,261,140,415,10,141,141,416,141,140,416
837,681,259,305,259,140,419,10,141,141,420,141,140,420
838,683,255,308,255,142,416,10,143,143,417,143,142,417
839,685,257,305,257,142,415,10,143,143,416,143,142,416
840,685,257,305,257,142,419,13,143,143,420,143,142,420
841,687,265,315,265,140,417,10,141,141,418,141,140,418
842,687,265,315,265,140,417,10,141,141,418,141,140,418
843,687,265,315,265,140,417,10,141,141,418,141,140,418
844,687,265,315,265,140,417,10,141,141,418,141,140,418
845,689,261,313,261,142,420,13,143,143,421,143,142,421
846,689,261,313,261,142,420,13,143,143,421,143,142,421
847,689,261,313,261,142,420,13,143,143,421,143,142,421
848,689,261,313,261,142,420,13,143,143,421,143,142,421
849,689,255,315,255,144,416,10,145,145,417,145,144,417
850,689,255,315,255,144,416,10,145,145,417,145,144,417
851,687,253,308,253,144,415,12,145,145,416,145,144,416
852,685,257,305,257,142,419,13,143,143,420,143,142,420
853,685,257,305,257,142,419,13,143,143,420,143,142,420
854,685,257,305,257,142,419,13,143,143,420,143,142,420
855,685,257,305,257,142,419,13,143,143,420,143,142,420
856,685,257,305,257,142,419,13,143,143,420,143,142,420
857,685,257,305,257,142,419,13,143,143,420,143,142,420
858,685,257,305,257,142,419,13,143,143,420,143,142,420
859,687,259,305,259,142,417,13,143,143,418,143,142,418
860,687,259,305,259,142,417,13,143,143,418,143,142,418
861,691,257,307,257,144,420,13,145,145,421,145,144,421
862,691,257,307,257,144,420,13,145,145,421,145,144,421
863,691,257,305,257,144,418,13,145,145,419,145,144,419
864,691,257,305,257,144,418,13,145,145,419,145,144,419
865,691,257,305,257,144,418,13,145,145,419,145,144,419
866,685,257,307,257,142,424,13,143,143,425,143,142,425
867,685,257,307,257,142,424,13,143,143,425,143,142,425
868,685,257,307,257,142,424,13,143,143,425,143,142,425
869,685,257,303,257,142,420,13,143,143,420,143,142,420
870,685,257,303,257,142,420,13,143,143,420,143,142,420
871,691,269,317,269,140,418,14,141,141,419,141,140,419
872,685,257,306,257,142,422,13,143,143,423,143,142,423
873,685,257,306,257,142,422,13,143,143,423,143,142,423
874,677,255,309,255,140,420,13,141,141,421,141,140,421
875,685,257,307,257,142,423,13,143,143,424,143,142,424
876,679,257,303,257,140,420,14,141,141,421,141,140,421
877,679,257,303,257,140,420,14,141,141,421,141,140,421
878,679,257,303,257,140,420,14,141,141,421,141,140,421
879,679,251,308,251,142,418,13,143,143,418,143,142,418
880,683,261,308,261,140,423,14,141,141,424,141,140,424
881,683,261,308,261,140,423,14,141,141,424,141,140,424
882,683,261,308,261,140,423,14,141,141,424,141,140,424
883,675,247,301,247,142,418,12,143,143,419,143,142,419
884,673,251,295,251,140,419,13,141,141,420,141,140,420
885,673,251,295,251,140,419,13,141,141,420,141,140,420
886,673,251,295,251,140,419,13,141,141,420,141,140,420
887,673,251,295,251,140,419,13,141,141,420,141,140,420
888,675,253,296,253,140,419,12,141,141,420,141,140,420
889,675,253,297,253,140,422,12,141,141,423,141,140,423
890,679,257,299,257,140,422,14,141,141,423,141,140,423
891,673,251,296,251,140,424,14,141,141,425,141,140,425
892,675,253,288,253,140,420,14,141,141,421,141,140,421
893,673,251,296,251,140,424,14,141,141,425,141,140,425
894,673,251,295,251,140,420,13,141,141,421,141,140,421
895,677,249,295,249,142,421,14,143,143,422,143,142,422
896,675,253,294,253,140,419,14,141,141,420,141,140,420
897,675,253,296,253,140,424,14,141,141,425,141,140,425
898,673,251,296,251,140,423,14,141,141,424,141,140,424
899,673,251,296,251,140,423,14,141,141,424,141,140,424
900,673,251,294,251,140,421,14,141,141,421,141,140,421
901,675,253,297,253,140,423,14,141,141,424,141,140,424
902,675,253,297,253,140,424,14,141,141,425,141,140,425
903,675,253,296,253,140,425,14,141,141,426,141,140,426
904,675,253,296,253,140,423,14,141,141,423,141,140,423
905,675,253,295,253,140,423,14,141,141,423,141,140,423
906,673,251,296,251,140,424,14,141,141,425,141,140,425
907,675,253,296,253,140,420,14,141,141,421,141,140,421
908,673,251,296,251,140,424,14,141,141,425,141,140,425
909,675,253,296,253,140,422,14,141,141,423,141,140,423
910,673,251,296,251,140,421,14,141,141,422,141,140,422
911,675,253,297,253,140,425,14,141,141,426,141,140,426
912,673,251,296,251,140,421,14,141,141,422,141,140,422
913,673,251,296,251,140,421,14,141,141,422,141,140,422
914,673,251,297,251,140,426,14,141,141,427,141,140,427
915,673,251,300,251,140,419,14,141,141,420,141,140,420
916,673,251,300,251,140,419,14,141,141,420,141,140,420
917,675,247,286,247,142,417,13,143,143,418,143,142,418
918,675,247,286,247,142,417,13,143,143,418,143,142,418
919,675,247,286,247,142,417,13,143,143,418,143,142,418
920,673,257,296,257,138,424,14,139,139,425,139,138,425
921,673,251,294,251,140,426,14,141,141,427,141,140,427
922,673,251,294,251,140,426,14,141,141,427,141,140,427
923,675,247,299,247,142,421,14,143,143,422,143,142,422
924,673,251,305,251,140,422,14,141,141,423,141,140,423
925,675,253,303,253,140,421,13,141,141,422,141,140,422
926,677,255,313,255,140,418,13,141,141,419,141,140,419
927,673,251,293,251,140,423,14,141,141,424,141,140,424
928,673,251,300,251,140,423,14,141,141,424,141,140,424
929,675,247,298,247,142,416,14,143,143,417,143,142,417
930,673,251,300,251,140,423,14,141,141,424,141,140,424
931,673,245,291,245,142,414,14,143,143,415,143,142,415
932,673,245,298,245,142,417,14,143,143,418,143,142,418
933,673,251,295,251,140,421,14,141,141,422,141,140,422
934,673,251,295,251,140,421,14,141,141,422,141,140,422
935,673,251,295,251,140,421,14,141,141,422,141,140,422
936,675,247,291,247,142,416,14,143,143,417,143,142,417
937,673,251,300,251,140,420,13,141,141,421,141,140,421
938,673,251,300,251,140,420,13,141,141,421,141,140,421
939,671,249,292,249,140,422,14,141,141,423,141,140,423
940,673,245,298,245,142,417,14,143,143,418,143,142,418
941,673,251,300,251,140,421,14,141,141,422,141,140,422
942,673,251,297,251,140,421,13,141,141,422,141,140,422
943,673,251,297,251,140,421,13,141,141,422,141,140,422
944,675,235,296,235,146,412,13,147,147,413,147,146,413
945,677,237,289,237,146,415,14,147,147,416,147,146,416
946,673,245,299,245,142,419,14,143,143,420,143,142,420
947,673,245,299,245,142,419,14,143,143,420,143,142,420
948,673,245,302,245,142,421,14,143,143,422,143,142,422
949,675,247,299,247,142,421,14,143,143,422,143,142,422
950,675,247,299,247,142,421,14,143,143,422,143,142,422
951,675,247,299,247,142,421,14,143,143,422,143,142,422
952,673,245,298,245,142,418,14,143,143,419,143,142,419
953,673,251,292,251,140,419,10,141,141,420,141,140,420
954,679,251,302,251,142,420,10,143,143,421,143,142,421
955,679,251,302,251,142,420,10,143,143,421,143,142,421
956,679,251,302,251,142,420,10,143,143,421,143,142,421
957,679,251,302,251,142,420,10,143,143,421,143,142,421
958,679,251,302,251,142,420,10,143,143,421,143,142,421
959,679,251,302,251,142,420,10,143,143,421,143,142,421
960,679,251,302,251,142,420,10,143,143,421,143,142,421
961,679,251,302,251,142,420,10,143,143,421,143,142,421
962,679,251,302,251,142,420,10,143,143,421,143,142,421
963,677,249,299,249,142,417,10,143,143,418,143,142,418
964,679,251,301,251,142,420,10,143,143,421,143,142,421
965,679,251,301,251,142,420,10,143,143,421,143,142,421
966,679,251,301,251,142,420,10,143,143,421,143,142,421
967,681,253,311,253,142,421,13,143,143,422,143,142,422
968,679,251,301,251,142,420,10,143,143,421,143,142,421
969,687,253,298,253,144,418,14,145,145,419,145,144,419
970,683,249,303,249,144,417,14,145,145,418,145,144,418
971,679,251,301,251,142,419,13,143,143,420,143,142,420
972,679,251,301,251,142,419,13,143,143,420,143,142,420
973,679,251,306,251,142,419,10,143,143,420,143,142,420
974,679,251,301,251,142,421,14,143,143,422,143,142,422
975,677,249,292,249,142,418,13,143,143,419,143,142,419
976,685,245,283,245,146,423,14,147,147,424,147,146,424
977,685,245,283,245,146,423,14,147,147,424,147,146,424
978,685,245,283,245,146,419,14,147,147,420,147,146,420
979,679,251,301,251,142,420,13,143,143,421,143,142,421
980,679,251,294,251,142,420,13,143,143,421,143,142,421
981,681,247,295,247,144,420,13,145,145,421,145,144,421
982,681,247,295,247,144,420,13,145,145,421,145,144,421
983,681,247,300,247,144,419,14,145,145,420,145,144,420
984,683,249,293,249,144,419,11,145,145,420,145,144,420
985,685,251,291,251,144,419,14,145,145,420,145,144,420
986,679,251,294,251,142,420,13,143,143,421,143,142,421
987,679,251,294,251,142,420,13,143,143,421,143,142,421
988,679,251,294,251,142,420,13,143,143,421,143,142,421
989,679,251,294,251,142,420,13,143,143,421,143,142,421
990,679,251,294,251,142,420,13,143,143,421,143,142,421
991,679,251,303,251,142,420,10,143,143,421,143,142,421
992,679,251,303,251,142,420,10,143,143,421,143,142,421
993,679,251,297,251,142,415,13,143,143,416,143,142,416
994,677,249,294,249,142,423,14,143,143,424,143,142,424
995,679,251,303,251,142,423,14,143,143,424,143,142,424
996,679,251,301,251,142,421,14,143,143,422,143,142,422
997,679,251,295,251,142,423,14,143,143,424,143,142,424
998,679,251,298,251,142,418,10,143,143,419,143,142,419
999,681,247,290,247,144,418,13,145,145,419,145,144,419
