,NODE,dfs_path,dfs_node,dfs_fringe,bfs_path,bfs_node,bfs_fringe,euc_path,euc_node,euc_fringe,man_path,man_node,man_fringe
0,833,63,245,135,48,491,29,49,49,306,49,48,306
1,854,63,256,194,48,501,25,49,49,360,49,48,360
2,833,63,245,135,48,491,29,49,49,306,49,48,306
3,855,63,255,191,48,503,25,49,49,369,49,48,369
4,857,63,261,164,48,499,29,49,49,298,49,48,298
5,871,57,274,154,48,500,29,49,49,295,49,48,295
6,871,57,274,154,48,500,29,49,49,295,49,48,295
7,853,85,264,165,48,492,36,49,49,288,49,48,288
8,853,63,256,186,48,500,30,49,49,347,49,48,347
9,859,53,269,138,48,493,26,49,49,339,49,48,339
10,866,57,277,170,48,492,27,49,49,335,49,48,335
11,868,61,256,182,48,515,28,49,49,322,49,48,322
12,866,57,277,170,48,492,27,49,49,335,49,48,335
13,867,57,277,170,48,493,29,49,49,339,49,48,339
14,864,57,277,170,48,490,28,49,49,336,49,48,336
15,853,63,253,152,48,503,28,49,49,323,49,48,323
16,854,79,264,162,48,493,31,49,49,301,49,48,301
17,853,65,262,156,48,494,29,49,49,316,49,48,316
18,859,77,263,140,48,499,27,49,49,337,49,48,337
19,864,79,265,147,48,502,28,49,49,331,49,48,331
20,854,79,269,141,48,488,29,49,49,320,49,48,320
21,855,63,253,148,48,505,28,49,49,336,49,48,336
22,864,75,265,150,48,502,29,49,49,322,49,48,322
23,880,59,292,212,48,491,27,49,49,279,49,48,279
24,851,63,253,154,48,501,28,49,49,315,49,48,315
25,857,75,267,140,48,493,29,49,49,323,49,48,323
26,873,59,287,181,48,489,25,49,49,286,49,48,286
27,854,77,267,148,48,490,32,49,49,261,49,48,261
28,854,77,266,146,48,491,27,49,49,310,49,48,310
29,854,77,266,146,48,491,27,49,49,310,49,48,310
30,860,77,266,146,48,497,26,49,49,326,49,48,326
31,861,77,269,144,48,495,32,49,49,301,49,48,301
32,860,77,266,152,48,497,27,49,49,344,49,48,344
33,859,77,267,148,48,495,31,49,49,268,49,48,268
34,862,77,270,150,48,495,27,49,49,318,49,48,318
35,863,77,265,150,48,501,31,49,49,303,49,48,303
36,861,75,268,144,48,496,30,49,49,269,49,48,269
37,862,77,269,140,48,496,28,49,49,329,49,48,329
38,862,77,271,142,48,494,30,49,49,270,49,48,270
39,862,77,267,144,48,498,30,49,49,304,49,48,304
40,865,77,266,166,48,502,27,49,49,324,49,48,324
41,863,77,268,141,48,498,28,49,49,306,49,48,306
42,866,77,269,154,48,500,25,49,49,328,49,48,328
43,859,77,269,142,48,493,32,49,49,302,49,48,302
44,858,77,265,148,48,496,29,49,49,305,49,48,305
45,856,83,271,146,48,488,26,49,49,313,49,48,313
46,868,77,272,155,48,499,28,49,49,322,49,48,322
47,868,77,272,155,48,499,28,49,49,322,49,48,322
48,868,77,272,155,48,499,28,49,49,322,49,48,322
49,871,77,272,150,48,502,30,49,49,275,49,48,275
50,868,77,272,155,48,499,28,49,49,322,49,48,322
51,868,77,272,155,48,499,28,49,49,322,49,48,322
52,869,77,270,152,48,502,28,49,49,326,49,48,326
53,865,77,272,168,48,496,28,49,49,319,49,48,319
54,865,77,272,168,48,496,28,49,49,319,49,48,319
55,865,77,272,168,48,496,28,49,49,319,49,48,319
56,868,77,273,162,48,498,29,49,49,320,49,48,320
57,868,77,273,162,48,498,29,49,49,320,49,48,320
58,869,77,272,162,48,500,29,49,49,337,49,48,337
59,869,77,272,162,48,500,29,49,49,337,49,48,337
60,869,77,272,162,48,500,29,49,49,337,49,48,337
61,870,77,272,168,48,501,29,49,49,325,49,48,325
62,870,77,272,168,48,501,29,49,49,325,49,48,325
63,868,77,271,152,48,500,28,49,49,319,49,48,319
64,866,79,272,163,48,497,29,49,49,332,49,48,332
65,871,81,280,153,48,494,28,49,49,295,49,48,295
66,873,81,278,160,48,498,27,49,49,318,49,48,318
67,879,85,296,190,48,486,28,49,49,281,49,48,281
68,871,77,270,165,48,504,30,49,49,340,49,48,340
69,863,77,270,164,48,496,30,49,49,287,49,48,287
70,871,81,274,159,48,500,29,49,49,325,49,48,325
71,869,79,279,182,48,493,30,49,49,307,49,48,307
72,864,81,269,150,48,498,29,49,49,339,49,48,339
73,861,77,268,178,48,496,30,49,49,315,49,48,315
74,864,81,270,162,48,497,30,49,49,331,49,48,331
75,867,75,269,164,48,501,30,49,49,340,49,48,340
76,869,77,270,158,48,502,30,49,49,337,49,48,337
77,867,75,269,164,48,501,30,49,49,340,49,48,340
78,867,75,269,164,48,501,30,49,49,340,49,48,340
79,862,81,270,152,48,495,29,49,49,332,49,48,332
80,868,77,269,182,48,502,29,49,49,339,49,48,339
81,866,77,269,180,48,500,27,49,49,318,49,48,318
82,865,81,271,172,48,497,29,49,49,322,49,48,322
83,872,77,272,178,48,503,29,49,49,338,49,48,338
84,864,81,269,174,48,498,31,49,49,344,49,48,344
85,872,87,277,180,48,498,31,49,49,343,49,48,343
86,864,81,269,174,48,498,31,49,49,344,49,48,344
87,867,81,272,174,48,498,30,49,49,335,49,48,335
88,867,81,272,174,48,498,30,49,49,335,49,48,335
89,859,79,269,171,48,493,30,49,49,323,49,48,323
90,856,77,266,154,48,493,29,49,49,337,49,48,337
91,869,77,271,180,48,501,28,49,49,340,49,48,340
92,869,77,271,180,48,501,28,49,49,340,49,48,340
93,862,81,270,148,48,495,30,49,49,330,49,48,330
94,868,81,274,184,48,497,30,49,49,329,49,48,329
95,868,81,279,153,48,492,27,49,49,314,49,48,314
96,868,81,279,153,48,492,27,49,49,314,49,48,314
97,870,53,281,181,48,492,27,49,49,318,49,48,318
98,871,83,276,169,48,498,30,49,49,330,49,48,330
99,870,53,281,181,48,492,27,49,49,318,49,48,318
100,871,53,282,214,48,492,28,49,49,318,49,48,318
101,871,81,274,170,48,500,29,49,49,331,49,48,331
102,874,83,278,190,48,499,30,49,49,328,49,48,328
103,874,53,283,206,48,494,27,49,49,316,49,48,316
104,873,85,278,159,48,498,28,49,49,346,49,48,346
105,873,85,278,159,48,498,28,49,49,346,49,48,346
106,874,53,284,208,48,493,29,49,49,306,49,48,306
107,880,87,285,160,48,498,28,49,49,328,49,48,328
108,875,91,293,166,48,485,29,49,49,302,49,48,302
109,877,91,293,166,48,487,29,49,49,292,49,48,292
110,878,55,295,209,48,486,26,49,49,301,49,48,301
111,880,83,294,176,48,489,29,49,49,296,49,48,296
112,886,87,301,158,48,488,26,49,49,286,49,48,286
113,876,67,284,202,48,495,29,49,49,310,49,48,310
114,916,81,323,240,48,496,27,49,49,304,49,48,304
115,878,53,284,194,48,497,28,49,49,322,49,48,322
116,881,53,285,208,48,499,28,49,49,320,49,48,320
117,881,53,285,208,48,499,28,49,49,320,49,48,320
118,881,53,285,208,48,499,28,49,49,320,49,48,320
119,886,89,298,188,48,491,29,49,49,306,49,48,306
120,887,87,295,184,48,495,31,49,49,301,49,48,301
121,894,89,302,198,48,495,30,49,49,306,49,48,306
122,890,89,300,192,48,493,30,49,49,305,49,48,305
123,891,89,300,188,48,494,32,49,49,305,49,48,305
124,893,59,298,206,48,498,29,49,49,334,49,48,334
125,887,85,289,190,48,501,31,49,49,320,49,48,320
126,881,59,292,206,48,492,28,49,49,330,49,48,330
127,880,59,292,206,48,491,28,49,49,328,49,48,328
128,880,59,296,182,48,487,26,49,49,297,49,48,297
129,889,59,300,180,48,492,29,49,49,304,49,48,304
130,886,59,292,180,48,497,29,49,49,340,49,48,340
131,889,59,296,210,48,496,29,49,49,334,49,48,334
132,886,55,289,216,48,500,29,49,49,329,49,48,329
133,882,59,297,188,48,488,30,49,49,301,49,48,301
134,887,87,310,188,48,480,27,49,49,272,49,48,272
135,887,87,310,188,48,480,27,49,49,272,49,48,272
136,881,53,290,202,48,494,29,49,49,289,49,48,289
137,887,57,297,184,48,493,26,49,49,326,49,48,326
138,1058,65,467,212,50,490,26,51,51,367,51,50,367
139,1060,65,467,208,50,492,27,51,51,370,51,50,370
140,1058,65,467,212,50,490,26,51,51,367,51,50,367
141,1058,65,467,212,50,490,26,51,51,367,51,50,367
142,1058,65,467,212,50,490,26,51,51,367,51,50,367
143,882,53,289,182,48,496,28,49,49,316,49,48,316
144,885,59,299,200,48,489,27,49,49,309,49,48,309
145,885,59,299,200,48,489,27,49,49,309,49,48,309
146,888,55,289,194,48,502,29,49,49,330,49,48,330
147,886,59,299,200,48,490,28,49,49,310,49,48,310
148,887,59,295,185,48,495,27,49,49,332,49,48,332
149,887,59,295,185,48,495,27,49,49,332,49,48,332
150,891,57,302,190,48,492,26,49,49,309,49,48,309
151,882,53,295,190,48,490,26,49,49,301,49,48,301
152,884,59,297,184,48,490,26,49,49,326,49,48,326
153,885,59,294,184,48,494,27,49,49,330,49,48,330
154,883,59,294,184,48,492,27,49,49,325,49,48,325
155,887,61,301,191,48,489,27,49,49,305,49,48,305
156,883,53,289,200,48,497,28,49,49,315,49,48,315
157,889,55,291,200,48,501,28,49,49,320,49,48,320
158,888,55,291,192,48,500,29,49,49,314,49,48,314
159,888,55,291,192,48,500,29,49,49,314,49,48,314
160,884,59,294,196,48,493,28,49,49,333,49,48,333
161,882,59,293,166,48,492,28,49,49,334,49,48,334
162,882,59,293,166,48,492,28,49,49,334,49,48,334
163,886,55,291,184,48,498,27,49,49,325,49,48,325
164,886,55,291,184,48,498,27,49,49,325,49,48,325
165,885,57,294,176,48,494,27,49,49,327,49,48,327
166,885,57,294,176,48,494,27,49,49,327,49,48,327
167,884,57,295,186,48,492,29,49,49,328,49,48,328
168,886,59,294,198,48,495,29,49,49,330,49,48,330
169,887,61,300,190,48,490,27,49,49,326,49,48,326
170,885,57,293,182,48,495,29,49,49,331,49,48,331
171,887,59,293,176,48,497,29,49,49,335,49,48,335
172,891,57,296,184,48,498,27,49,49,335,49,48,335
173,891,57,296,184,48,498,27,49,49,335,49,48,335
174,887,59,293,176,48,497,29,49,49,335,49,48,335
175,887,59,293,176,48,497,29,49,49,335,49,48,335
176,887,59,294,186,48,496,27,49,49,334,49,48,334
177,888,59,294,184,48,497,28,49,49,336,49,48,336
178,890,61,298,178,48,495,31,49,49,322,49,48,322
179,890,61,298,178,48,495,31,49,49,322,49,48,322
180,887,59,297,185,48,493,28,49,49,329,49,48,329
181,888,57,295,182,48,496,29,49,49,337,49,48,337
182,891,59,296,184,48,498,28,49,49,332,49,48,332
183,894,59,300,186,48,497,29,49,49,334,49,48,334
184,892,59,296,188,48,499,29,49,49,335,49,48,335
185,893,59,298,184,48,498,29,49,49,337,49,48,337
186,893,59,298,184,48,498,29,49,49,337,49,48,337
187,891,55,300,183,48,494,29,49,49,330,49,48,330
188,887,55,294,182,48,496,30,49,49,332,49,48,332
189,889,69,307,150,48,485,28,49,49,321,49,48,321
190,890,57,296,184,48,497,27,49,49,327,49,48,327
191,891,57,295,184,48,499,27,49,49,334,49,48,334
192,889,55,292,180,48,500,28,49,49,324,49,48,324
193,890,57,298,186,48,495,29,49,49,333,49,48,333
194,889,55,292,180,48,500,28,49,49,324,49,48,324
195,893,55,298,182,48,498,28,49,49,335,49,48,335
196,891,57,299,174,48,495,30,49,49,331,49,48,331
197,891,55,292,180,48,502,27,49,49,324,49,48,324
198,888,55,292,180,48,499,28,49,49,321,49,48,321
199,892,59,298,178,48,497,28,49,49,330,49,48,330
200,890,57,299,186,48,494,29,49,49,326,49,48,326
201,888,57,293,178,48,498,28,49,49,325,49,48,325
202,889,57,297,172,48,495,27,49,49,326,49,48,326
203,889,57,293,184,48,499,29,49,49,323,49,48,323
204,890,59,298,184,48,495,29,49,49,331,49,48,331
205,890,59,298,184,48,495,29,49,49,331,49,48,331
206,890,59,298,184,48,495,29,49,49,331,49,48,331
207,894,55,299,154,48,498,29,49,49,297,49,48,297
208,893,59,298,184,48,498,29,49,49,329,49,48,329
209,892,59,298,180,48,497,26,49,49,333,49,48,333
210,888,53,289,184,48,502,28,49,49,329,49,48,329
211,889,57,298,188,48,494,28,49,49,328,49,48,328
212,889,57,298,188,48,494,28,49,49,328,49,48,328
213,892,57,296,186,48,499,30,49,49,328,49,48,328
214,892,57,296,186,48,499,30,49,49,328,49,48,328
215,892,57,296,186,48,499,30,49,49,328,49,48,328
216,892,57,296,186,48,499,30,49,49,328,49,48,328
217,892,57,296,186,48,499,30,49,49,328,49,48,328
218,892,57,296,186,48,499,30,49,49,328,49,48,328
219,894,57,295,196,48,502,29,49,49,331,49,48,331
220,891,55,297,178,48,497,28,49,49,329,49,48,329
221,891,55,295,172,48,499,27,49,49,331,49,48,331
222,894,55,294,196,48,503,28,49,49,325,49,48,325
223,893,53,292,198,48,504,29,49,49,327,49,48,327
224,890,55,296,170,48,497,28,49,49,330,49,48,330
225,893,55,299,197,48,497,27,49,49,330,49,48,330
226,891,55,299,196,48,495,27,49,49,329,49,48,329
227,890,55,291,198,48,502,27,49,49,328,49,48,328
228,893,57,297,198,48,499,27,49,49,334,49,48,334
229,889,57,297,174,48,495,27,49,49,331,49,48,331
230,887,55,295,198,48,495,27,49,49,329,49,48,329
231,889,55,296,188,48,496,27,49,49,328,49,48,328
232,890,59,297,186,48,496,28,49,49,329,49,48,329
233,890,59,297,188,48,496,28,49,49,329,49,48,329
234,891,57,303,196,48,491,26,49,49,305,49,48,305
235,892,59,296,186,48,499,28,49,49,336,49,48,336
236,892,59,296,186,48,499,28,49,49,336,49,48,336
237,890,55,300,186,48,493,28,49,49,326,49,48,326
238,890,55,300,186,48,493,28,49,49,326,49,48,326
239,888,59,294,186,48,497,28,49,49,336,49,48,336
240,889,55,298,162,48,494,27,49,49,330,49,48,330
241,888,59,295,186,48,496,27,49,49,330,49,48,330
242,895,61,300,180,48,498,29,49,49,313,49,48,313
243,888,55,301,196,48,490,28,49,49,308,49,48,308
244,889,55,291,184,48,501,29,49,49,325,49,48,325
245,885,57,297,194,48,491,29,49,49,308,49,48,308
246,889,59,297,186,48,495,29,49,49,326,49,48,326
247,893,57,302,184,48,494,29,49,49,327,49,48,327
248,889,57,301,186,48,491,28,49,49,323,49,48,323
249,890,59,297,186,48,496,27,49,49,329,49,48,329
250,892,61,302,174,48,493,27,49,49,308,49,48,308
251,890,57,299,190,48,494,28,49,49,329,49,48,329
252,889,57,299,184,48,493,28,49,49,325,49,48,325
253,889,57,299,184,48,493,28,49,49,325,49,48,325
254,890,57,298,186,48,495,28,49,49,327,49,48,327
255,890,57,298,184,48,495,28,49,49,328,49,48,328
256,891,61,299,186,48,495,28,49,49,329,49,48,329
257,894,61,298,186,48,499,28,49,49,330,49,48,330
258,891,61,299,186,48,495,28,49,49,329,49,48,329
259,888,57,294,180,48,497,28,49,49,333,49,48,333
260,888,57,294,180,48,497,28,49,49,333,49,48,333
261,890,61,302,178,48,491,27,49,49,300,49,48,300
262,886,55,294,186,48,495,29,49,49,329,49,48,329
263,889,57,295,186,48,497,28,49,49,330,49,48,330
264,887,61,295,184,48,495,28,49,49,327,49,48,327
265,1048,67,468,178,50,479,24,51,51,351,51,50,351
266,888,57,297,198,48,494,29,49,49,328,49,48,328
267,889,57,299,199,48,493,28,49,49,308,49,48,308
268,886,57,295,160,48,494,30,49,49,328,49,48,328
269,1057,63,470,182,50,486,24,51,51,355,51,50,355
270,889,55,293,184,48,499,28,49,49,323,49,48,323
271,890,57,300,194,48,493,28,49,49,307,49,48,307
272,890,57,301,194,48,492,28,49,49,305,49,48,305
273,892,57,303,194,48,492,28,49,49,303,49,48,303
274,893,57,303,194,48,493,28,49,49,306,49,48,306
275,893,57,303,194,48,493,28,49,49,306,49,48,306
276,889,57,298,158,48,494,28,49,49,325,49,48,325
277,891,55,299,186,48,495,28,49,49,334,49,48,334
278,893,55,301,190,48,495,28,49,49,334,49,48,334
279,892,57,300,186,48,495,28,49,49,308,49,48,308
280,890,57,302,196,48,491,26,49,49,306,49,48,306
281,888,55,292,196,48,499,31,49,49,314,49,48,314
282,887,57,298,184,48,492,27,49,49,306,49,48,306
283,887,55,297,190,48,493,27,49,49,332,49,48,332
284,890,57,299,191,48,494,27,49,49,335,49,48,335
285,885,55,295,196,48,493,28,49,49,336,49,48,336
286,893,95,299,172,54,485,27,55,55,397,55,54,397
287,885,57,295,160,48,493,29,49,49,325,49,48,325
288,896,95,301,196,54,486,26,55,55,396,55,54,396
289,899,89,300,196,54,490,26,55,55,395,55,54,395
290,898,95,299,174,56,486,26,57,57,415,57,56,415
291,896,85,298,180,54,489,26,55,55,396,55,54,396
292,890,95,295,168,54,486,27,55,55,394,55,54,394
293,890,93,296,162,54,485,25,55,55,394,55,54,394
294,893,93,298,180,54,486,26,55,55,397,55,54,397
295,1023,95,443,162,54,471,28,55,55,395,55,54,395
296,1023,95,443,162,54,471,28,55,55,395,55,54,395
297,1046,65,465,199,50,480,27,51,51,308,51,50,308
298,1043,95,453,170,54,481,27,55,55,390,55,54,390
299,1045,95,454,168,54,482,27,55,55,389,55,54,389
300,1053,95,458,178,54,486,27,55,55,393,55,54,393
301,1053,95,458,176,54,486,27,55,55,395,55,54,395
302,1051,95,457,168,54,485,27,55,55,392,55,54,392
303,1053,95,458,164,54,486,27,55,55,393,55,54,393
304,1053,95,458,164,54,486,27,55,55,393,55,54,393
305,1053,95,458,164,54,486,27,55,55,393,55,54,393
306,1056,107,464,167,54,483,26,55,55,391,55,54,391
307,1059,95,460,170,54,490,28,55,55,396,55,54,396
308,1061,95,462,172,54,490,27,55,55,397,55,54,397
309,1060,95,461,176,54,490,27,55,55,394,55,54,394
310,1062,91,462,174,54,491,27,55,55,396,55,54,396
311,1062,91,462,174,54,491,27,55,55,396,55,54,396
312,1064,93,463,186,54,492,28,55,55,398,55,54,398
313,1064,93,463,186,54,492,28,55,55,398,55,54,398
314,1062,91,462,174,54,491,27,55,55,396,55,54,396
315,1061,95,461,170,54,491,27,55,55,396,55,54,396
316,1068,91,465,176,54,494,27,55,55,396,55,54,396
317,1066,91,464,164,54,493,27,55,55,396,55,54,396
318,1060,95,460,178,56,487,27,57,57,416,57,56,416
319,1062,95,461,168,56,488,28,57,57,414,57,56,414
320,1062,97,463,168,54,490,28,55,55,394,55,54,394
321,1061,93,462,176,54,490,27,55,55,394,55,54,394
322,1059,93,461,174,54,489,27,55,55,394,55,54,394
323,1059,93,461,170,54,489,27,55,55,394,55,54,394
324,1059,93,461,170,54,489,27,55,55,394,55,54,394
325,1059,95,460,168,54,490,27,55,55,395,55,54,395
326,1059,95,460,174,54,490,27,55,55,395,55,54,395
327,1059,95,460,174,54,490,27,55,55,395,55,54,395
328,1060,93,462,174,54,489,27,55,55,393,55,54,393
329,1064,95,468,174,54,487,27,55,55,391,55,54,391
330,1059,95,460,174,54,490,27,55,55,395,55,54,395
331,1066,103,469,164,54,488,27,55,55,393,55,54,393
332,1066,103,469,164,54,488,27,55,55,393,55,54,393
333,1066,103,469,162,54,488,27,55,55,393,55,54,393
334,1062,101,468,164,54,485,27,55,55,391,55,54,391
335,1061,97,468,174,54,484,27,55,55,391,55,54,391
336,1058,95,461,172,54,488,23,55,55,483,55,54,483
337,1064,103,469,178,54,486,24,55,55,481,55,54,481
338,1059,97,460,164,56,486,23,57,57,483,57,56,483
339,1059,97,460,164,56,486,23,57,57,483,57,56,483
340,1056,95,459,164,54,488,23,55,55,473,55,54,473
341,1055,95,458,172,54,488,23,55,55,482,55,54,482
342,1055,93,459,180,54,487,24,55,55,482,55,54,482
343,1057,95,459,168,54,489,26,55,55,387,55,54,387
344,1059,95,460,170,54,490,26,55,55,390,55,54,390
345,1059,105,466,170,54,484,23,55,55,479,55,54,479
346,1059,107,466,170,54,484,27,55,55,391,55,54,391
347,1059,107,466,170,54,484,27,55,55,391,55,54,391
348,1056,101,458,164,56,485,22,57,57,389,57,56,389
349,1054,93,458,168,54,487,27,55,55,394,55,54,394
350,1056,93,459,170,54,488,27,55,55,394,55,54,394
351,1054,93,458,168,54,487,23,55,55,475,55,54,475
352,1054,93,459,166,54,486,27,55,55,393,55,54,393
353,1053,93,458,162,54,486,27,55,55,393,55,54,393
354,1051,93,457,162,54,485,27,55,55,393,55,54,393
355,1052,93,458,170,54,485,24,55,55,480,55,54,480
356,1051,93,457,162,54,485,27,55,55,393,55,54,393
357,1055,93,459,166,54,487,24,55,55,386,55,54,386
358,1052,93,457,172,54,486,27,55,55,392,55,54,392
359,1052,93,458,172,54,485,23,55,55,481,55,54,481
360,1052,93,458,172,54,485,23,55,55,481,55,54,481
361,1053,93,458,166,54,486,22,55,55,481,55,54,481
362,1052,89,458,186,54,485,27,55,55,394,55,54,394
363,1050,93,457,160,54,484,27,55,55,392,55,54,392
364,1051,101,458,160,54,484,21,55,55,462,55,54,462
365,1050,93,457,166,54,484,27,55,55,391,55,54,391
366,1051,89,458,174,54,484,27,55,55,390,55,54,390
367,1051,95,457,164,54,485,23,55,55,468,55,54,468
368,1052,93,458,160,54,485,27,55,55,391,55,54,391
369,1052,93,458,172,54,485,27,55,55,391,55,54,391
370,1051,93,457,170,54,485,26,55,55,394,55,54,394
371,1053,89,459,174,54,485,25,55,55,481,55,54,481
372,1055,93,459,176,54,487,26,55,55,394,55,54,394
373,1054,89,455,178,54,490,27,55,55,395,55,54,395
374,1055,93,459,180,54,487,27,55,55,393,55,54,393
375,1056,93,460,176,54,487,27,55,55,392,55,54,392
376,1056,97,465,176,54,482,27,55,55,394,55,54,394
377,1055,97,465,170,54,481,23,55,55,381,55,54,381
378,1054,93,459,174,54,486,27,55,55,392,55,54,392
379,1056,95,464,182,54,483,27,55,55,389,55,54,389
380,1055,89,460,174,54,486,27,55,55,391,55,54,391
381,1057,89,461,162,54,487,27,55,55,395,55,54,395
382,1055,93,459,176,54,487,27,55,55,393,55,54,393
383,1053,93,461,172,54,483,26,55,55,390,55,54,390
384,1056,91,460,168,54,487,27,55,55,393,55,54,393
385,1055,93,459,172,54,487,27,55,55,393,55,54,393
386,1055,93,459,170,54,487,27,55,55,393,55,54,393
387,1053,93,458,164,54,486,27,55,55,391,55,54,391
388,1054,89,459,164,54,486,27,55,55,391,55,54,391
389,1062,95,468,170,54,485,25,55,55,385,55,54,385
390,1062,95,468,170,54,485,25,55,55,385,55,54,385
391,1062,95,468,170,54,485,25,55,55,385,55,54,385
392,1062,95,468,170,54,485,25,55,55,385,55,54,385
393,1063,89,469,172,54,485,27,55,55,384,55,54,384
394,1062,95,468,170,54,485,25,55,55,385,55,54,385
395,1062,95,468,170,54,485,25,55,55,385,55,54,385
396,1054,93,459,178,54,486,27,55,55,392,55,54,392
397,1057,93,460,170,54,488,25,55,55,483,55,54,483
398,1054,93,459,178,54,486,27,55,55,392,55,54,392
399,1054,93,459,178,54,486,27,55,55,392,55,54,392
400,1056,89,460,180,54,487,27,55,55,393,55,54,393
401,1059,93,461,180,54,489,27,55,55,395,55,54,395
402,1055,91,465,170,54,481,22,55,55,373,55,54,373
403,1055,91,465,170,54,481,22,55,55,373,55,54,373
404,1056,95,465,180,54,482,27,55,55,382,55,54,382
405,1054,93,464,170,54,481,27,55,55,382,55,54,382
406,1053,93,458,170,54,486,27,55,55,391,55,54,391
407,1055,93,459,172,54,487,27,55,55,392,55,54,392
408,1053,89,464,170,54,480,24,55,55,475,55,54,475
409,1056,95,465,168,54,482,21,55,55,374,55,54,374
410,1058,95,466,170,54,483,21,55,55,375,55,54,375
411,1058,95,466,170,54,483,21,55,55,375,55,54,375
412,1052,95,463,166,54,480,21,55,55,372,55,54,372
413,1054,95,464,168,54,481,21,55,55,373,55,54,373
414,1054,95,464,168,54,481,21,55,55,373,55,54,373
415,1054,95,464,168,54,481,21,55,55,374,55,54,374
416,1054,95,464,172,54,481,21,55,55,372,55,54,372
417,1052,93,463,168,54,480,21,55,55,373,55,54,373
418,1052,93,463,168,54,480,21,55,55,373,55,54,373
419,1050,93,462,162,54,479,24,55,55,474,55,54,474
420,1049,89,462,166,54,478,22,55,55,372,55,54,372
421,1045,93,454,168,54,482,27,55,55,390,55,54,390
422,1047,89,456,172,54,482,23,55,55,477,55,54,477
423,1047,89,460,164,54,478,27,55,55,378,55,54,378
424,1053,93,463,166,54,481,27,55,55,383,55,54,383
425,1047,93,460,160,54,478,24,55,55,473,55,54,473
426,1055,123,449,180,66,473,20,67,67,401,67,66,401
427,1046,91,455,170,56,478,23,57,57,477,57,56,477
428,1046,91,455,170,56,478,23,57,57,477,57,56,477
429,1046,91,455,170,56,478,23,57,57,477,57,56,477
430,1043,89,454,170,54,480,23,55,55,471,55,54,471
431,1044,93,454,168,54,481,23,55,55,477,55,54,477
432,1046,93,454,174,54,483,23,55,55,481,55,54,481
433,1046,93,454,174,54,483,23,55,55,481,55,54,481
434,1042,95,453,170,54,480,23,55,55,476,55,54,476
435,1042,95,453,170,54,480,23,55,55,476,55,54,476
436,1043,91,454,168,54,480,23,55,55,475,55,54,475
437,1043,91,454,168,54,480,23,55,55,475,55,54,475
438,1044,95,454,170,54,481,22,55,55,480,55,54,480
439,1043,91,454,168,54,480,23,55,55,475,55,54,475
440,1043,91,454,168,54,480,23,55,55,475,55,54,475
441,1040,91,452,160,54,479,23,55,55,478,55,54,478
442,1040,93,452,168,54,479,23,55,55,475,55,54,475
443,1045,89,455,170,54,481,23,55,55,472,55,54,472
444,1048,93,456,172,54,483,23,55,55,474,55,54,474
445,1045,89,455,170,54,481,23,55,55,472,55,54,472
446,1042,93,453,172,54,480,23,55,55,476,55,54,476
447,1044,93,454,156,54,481,23,55,55,477,55,54,477
448,1043,93,454,174,54,480,23,55,55,476,55,54,476
449,1043,93,454,174,54,480,23,55,55,476,55,54,476
450,1042,89,454,172,54,479,23,55,55,474,55,54,474
451,1041,93,453,170,54,479,23,55,55,474,55,54,474
452,1041,93,453,170,54,479,23,55,55,474,55,54,474
453,1040,95,452,166,54,479,22,55,55,474,55,54,474
454,1044,93,454,166,54,481,22,55,55,476,55,54,476
455,1041,93,453,164,54,479,23,55,55,474,55,54,474
456,1041,93,453,164,54,479,23,55,55,474,55,54,474
457,1045,93,455,164,54,481,23,55,55,476,55,54,476
458,1042,93,453,170,54,480,24,55,55,475,55,54,475
459,1046,93,457,170,56,476,24,57,57,475,57,56,475
460,1042,93,453,166,54,480,22,55,55,464,55,54,464
461,1044,93,454,174,54,481,22,55,55,465,55,54,465
462,1045,93,455,172,54,481,24,55,55,479,55,54,479
463,1044,93,454,174,54,481,22,55,55,465,55,54,465
464,1046,93,455,168,54,482,23,55,55,477,55,54,477
465,1046,93,455,168,54,482,23,55,55,477,55,54,477
466,1047,95,458,170,54,480,23,55,55,475,55,54,475
467,1045,89,455,166,54,481,23,55,55,476,55,54,476
468,1046,93,455,156,54,482,23,55,55,477,55,54,477
469,1049,93,457,172,54,483,24,55,55,481,55,54,481
470,1046,93,455,156,54,482,23,55,55,477,55,54,477
471,1049,93,457,172,54,483,23,55,55,478,55,54,478
472,1046,93,455,156,54,482,23,55,55,477,55,54,477
473,1051,87,461,152,54,481,23,55,55,465,55,54,465
474,1048,93,456,170,54,483,23,55,55,478,55,54,478
475,1049,89,457,172,54,483,23,55,55,478,55,54,478
476,1048,93,456,170,54,483,23,55,55,478,55,54,478
477,1048,93,456,170,54,483,23,55,55,478,55,54,478
478,1048,93,456,170,54,483,23,55,55,478,55,54,478
479,1047,93,456,170,54,482,23,55,55,477,55,54,477
480,1047,93,456,170,54,482,23,55,55,477,55,54,477
481,1047,93,456,170,54,482,23,55,55,477,55,54,477
482,1045,93,455,170,54,481,22,55,55,465,55,54,465
483,1046,93,458,164,54,479,23,55,55,474,55,54,474
484,1045,93,455,174,54,481,22,55,55,465,55,54,465
485,1042,93,453,168,54,480,23,55,55,464,55,54,464
486,1042,93,453,168,54,480,23,55,55,464,55,54,464
487,1041,89,453,166,54,479,23,55,55,474,55,54,474
488,1043,89,457,168,56,473,23,57,57,472,57,56,472
489,1044,93,454,168,54,481,23,55,55,476,55,54,476
490,1043,93,454,172,54,480,22,55,55,465,55,54,465
491,1045,93,455,172,54,481,22,55,55,466,55,54,466
492,1046,93,455,168,54,482,22,55,55,466,55,54,466
493,1048,93,456,170,54,483,22,55,55,467,55,54,467
494,1044,89,455,170,54,480,22,55,55,464,55,54,464
495,1044,89,455,170,54,480,22,55,55,464,55,54,464
496,1044,89,455,170,54,480,22,55,55,464,55,54,464
497,1045,93,455,174,54,481,22,55,55,465,55,54,465
498,1048,93,459,170,54,480,22,55,55,464,55,54,464
499,1046,93,455,168,54,482,22,55,55,466,55,54,466
500,1046,93,455,172,54,482,22,55,55,467,55,54,467
501,1045,89,455,170,54,481,22,55,55,465,55,54,465
502,1045,89,455,170,54,481,22,55,55,465,55,54,465
503,1047,97,458,170,54,480,22,55,55,464,55,54,464
504,1044,93,454,168,54,481,22,55,55,465,55,54,465
505,1044,93,454,174,54,481,22,55,55,465,55,54,465
506,1042,93,453,174,54,480,22,55,55,464,55,54,464
507,1042,89,453,170,54,480,22,55,55,464,55,54,464
508,1046,89,455,168,54,482,22,55,55,466,55,54,466
509,1045,93,456,168,54,480,22,55,55,464,55,54,464
510,1045,93,456,168,54,480,22,55,55,464,55,54,464
511,1046,93,455,176,54,482,23,55,55,466,55,54,466
512,1049,93,457,172,54,483,22,55,55,467,55,54,467
513,1047,93,459,176,54,479,22,55,55,463,55,54,463
514,1044,93,454,176,54,481,22,55,55,465,55,54,465
515,1044,93,454,168,54,481,22,55,55,466,55,54,466
516,1045,93,455,170,54,481,22,55,55,465,55,54,465
517,1046,89,456,172,54,481,22,55,55,465,55,54,465
518,1053,99,460,174,56,480,23,57,57,479,57,56,479
519,1048,93,456,172,54,483,22,55,55,467,55,54,467
520,1047,89,456,170,54,482,22,55,55,466,55,54,466
521,1047,89,456,170,54,482,22,55,55,466,55,54,466
522,1047,89,456,170,54,482,22,55,55,466,55,54,466
523,1052,89,459,166,60,472,22,61,61,471,61,60,471
524,1054,89,462,170,58,475,25,59,59,427,59,58,427
525,1054,89,462,170,58,475,25,59,59,427,59,58,427
526,1050,87,457,152,62,468,23,63,63,469,63,62,469
527,1049,91,456,172,56,480,23,57,57,479,57,56,479
528,1049,91,457,170,56,479,22,57,57,478,57,56,478
529,1049,91,457,172,56,479,22,57,57,478,57,56,478
530,1049,91,457,170,56,479,22,57,57,478,57,56,478
531,1050,97,460,172,56,477,22,57,57,476,57,56,476
532,1049,91,457,170,56,479,22,57,57,478,57,56,478
533,1049,91,457,170,56,479,22,57,57,478,57,56,478
534,1049,91,457,170,56,479,22,57,57,478,57,56,478
535,1049,91,457,170,56,479,22,57,57,478,57,56,478
536,1050,91,457,170,56,480,22,57,57,479,57,56,479
537,1050,91,457,170,56,480,22,57,57,479,57,56,479
538,1049,101,459,172,56,477,22,57,57,476,57,56,476
539,1049,101,459,170,56,477,22,57,57,476,57,56,476
540,1048,91,456,170,56,479,22,57,57,478,57,56,478
541,1048,91,456,170,56,479,22,57,57,478,57,56,478
542,1048,99,459,168,54,480,22,55,55,463,55,54,463
543,1050,103,460,168,54,481,21,55,55,458,55,54,458
544,1053,103,461,168,54,483,22,55,55,467,55,54,467
545,1052,103,461,176,54,482,21,55,55,459,55,54,459
546,1050,103,460,168,54,481,21,55,55,458,55,54,458
547,1050,103,460,168,54,481,21,55,55,458,55,54,458
548,1049,91,457,170,56,479,22,57,57,478,57,56,478
549,1048,89,459,168,56,476,22,57,57,475,57,56,475
550,1050,97,460,168,56,477,22,57,57,476,57,56,476
551,1051,89,460,170,56,478,22,57,57,477,57,56,477
552,1050,89,460,170,56,477,23,57,57,476,57,56,476
553,1050,89,460,170,56,477,23,57,57,476,57,56,476
554,1049,97,460,154,56,476,22,57,57,474,57,56,474
555,1051,93,462,168,56,476,22,57,57,475,57,56,475
556,1051,93,462,168,56,476,22,57,57,475,57,56,475
557,1048,95,456,170,56,479,25,57,57,478,57,56,478
558,1048,95,456,170,56,479,25,57,57,478,57,56,478
559,1048,95,456,170,56,479,25,57,57,478,57,56,478
560,1051,61,463,170,56,475,24,57,57,474,57,56,474
561,1051,61,463,170,56,475,24,57,57,474,57,56,474
562,1049,61,462,170,56,474,24,57,57,473,57,56,473
563,1051,97,462,172,56,476,24,57,57,475,57,56,475
564,1051,97,462,172,56,476,24,57,57,475,57,56,475
565,1056,95,463,170,56,480,22,57,57,479,57,56,479
566,1049,91,457,152,56,479,22,57,57,478,57,56,478
567,1050,93,459,170,56,478,24,57,57,477,57,56,477
568,1049,91,457,152,56,479,22,57,57,478,57,56,478
569,1056,83,464,166,58,475,24,59,59,474,59,58,474
570,1056,83,464,166,58,475,24,59,59,474,59,58,474
571,1054,93,463,170,56,478,25,57,57,477,57,56,477
572,1053,97,463,170,56,477,24,57,57,476,57,56,476
573,1057,93,463,152,56,481,22,57,57,480,57,56,480
574,1051,91,458,162,56,480,23,57,57,479,57,56,479
575,1051,91,458,162,56,480,23,57,57,479,57,56,479
576,1051,91,458,168,56,480,25,57,57,479,57,56,479
577,1052,97,461,172,56,478,25,57,57,477,57,56,477
578,1052,97,461,172,56,478,25,57,57,477,57,56,477
579,1052,97,461,172,56,478,25,57,57,477,57,56,477
580,1052,97,461,172,56,478,25,57,57,477,57,56,477
581,1054,93,462,166,56,479,22,57,57,478,57,56,478
582,1054,93,462,166,56,479,22,57,57,478,57,56,478
583,1056,93,463,166,56,480,22,57,57,479,57,56,479
584,1056,93,463,166,56,480,22,57,57,479,57,56,479
585,1054,93,462,168,56,479,24,57,57,476,57,56,476
586,1047,91,456,148,56,478,22,57,57,477,57,56,477
587,1050,95,457,148,56,480,22,57,57,479,57,56,479
588,1050,95,457,148,56,480,22,57,57,479,57,56,479
589,1049,95,457,166,56,479,24,57,57,478,57,56,478
590,1050,101,460,170,56,477,24,57,57,476,57,56,476
591,1050,101,460,170,56,477,24,57,57,476,57,56,476
592,1050,101,460,170,56,477,24,57,57,476,57,56,476
593,1050,95,457,168,56,480,24,57,57,479,57,56,479
594,1052,95,458,168,56,481,24,57,57,480,57,56,480
595,1050,95,457,168,56,480,24,57,57,479,57,56,479
596,1052,95,458,166,56,481,23,57,57,480,57,56,480
597,1055,95,459,168,56,483,25,57,57,482,57,56,482
598,1050,95,457,170,56,480,24,57,57,479,57,56,479
599,1051,95,458,168,56,480,24,57,57,479,57,56,479
600,1054,95,459,170,56,482,24,57,57,481,57,56,481
601,1051,95,458,168,56,480,24,57,57,479,57,56,479
602,1051,95,458,168,56,480,24,57,57,479,57,56,479
603,1051,95,458,168,56,480,24,57,57,479,57,56,479
604,1053,95,459,170,56,481,24,57,57,480,57,56,480
605,1051,95,458,168,56,480,24,57,57,479,57,56,479
606,1052,97,461,166,56,478,23,57,57,477,57,56,477
607,1052,97,461,166,56,478,23,57,57,477,57,56,477
608,1051,97,461,166,56,477,23,57,57,476,57,56,476
609,1049,91,457,170,56,479,25,57,57,478,57,56,478
610,1046,95,458,166,56,475,24,57,57,474,57,56,474
611,1046,91,459,168,54,478,23,55,55,463,55,54,463
612,1047,101,458,168,56,476,22,57,57,475,57,56,475
613,1049,95,457,174,56,479,23,57,57,478,57,56,478
614,1049,93,459,168,56,477,25,57,57,476,57,56,476
615,1046,95,454,170,58,475,25,59,59,476,59,58,476
616,1046,91,451,168,58,478,22,59,59,477,59,58,477
617,1045,93,458,148,56,474,23,57,57,473,57,56,473
618,1042,93,453,170,56,476,22,57,57,475,57,56,475
619,1045,95,459,164,54,477,25,55,55,472,55,54,472
620,1049,95,460,166,56,476,24,57,57,475,57,56,475
621,1049,95,460,166,56,476,24,57,57,475,57,56,475
622,1051,95,461,162,56,477,23,57,57,476,57,56,476
623,1049,95,460,166,56,476,24,57,57,475,57,56,475
624,1049,95,460,166,56,476,24,57,57,475,57,56,475
625,1049,95,460,166,56,476,24,57,57,475,57,56,475
626,1049,95,460,166,56,476,24,57,57,475,57,56,475
627,1045,97,458,168,56,474,23,57,57,473,57,56,473
628,1043,95,457,168,56,473,22,57,57,472,57,56,472
629,1046,91,456,166,56,477,23,57,57,476,57,56,476
630,1046,91,456,166,56,477,23,57,57,476,57,56,476
631,1044,93,458,170,56,473,21,57,57,472,57,56,472
632,1046,95,458,171,56,475,25,57,57,472,57,56,472
633,1044,93,458,170,56,473,21,57,57,472,57,56,472
634,1044,93,458,170,56,473,21,57,57,472,57,56,472
635,1046,93,459,174,56,474,22,57,57,473,57,56,473
636,1046,93,459,164,56,474,21,57,57,473,57,56,473
637,1049,97,460,164,56,476,22,57,57,475,57,56,475
638,1046,93,459,164,56,474,21,57,57,473,57,56,473
639,1044,93,458,170,56,473,21,57,57,472,57,56,472
640,1044,93,458,170,56,473,21,57,57,472,57,56,472
641,1050,93,461,166,56,476,22,57,57,475,57,56,475
642,1042,93,457,170,56,472,21,57,57,471,57,56,471
643,1041,97,456,166,56,472,21,57,57,471,57,56,471
644,1040,93,456,170,56,471,23,57,57,468,57,56,468
645,1039,97,455,166,56,471,22,57,57,470,57,56,470
646,1041,97,456,169,56,472,22,57,57,469,57,56,469
647,1044,97,457,170,56,474,24,57,57,471,57,56,471
648,1042,97,456,169,56,473,25,57,57,470,57,56,470
649,1045,97,458,172,56,474,24,57,57,471,57,56,471
650,1044,93,447,148,66,464,23,67,67,465,67,66,465
651,1046,95,459,170,54,478,25,55,55,470,55,54,470
652,1040,95,456,170,54,475,24,55,55,467,55,54,467
653,1040,95,456,170,54,475,24,55,55,467,55,54,467
654,1042,95,457,170,54,476,24,55,55,468,55,54,468
655,1042,95,457,170,54,476,23,55,55,461,55,54,461
656,1041,97,456,164,56,472,24,57,57,469,57,56,469
657,1041,97,456,164,56,472,24,57,57,469,57,56,469
658,1041,97,456,164,56,472,24,57,57,469,57,56,469
659,1043,97,457,166,56,473,25,57,57,470,57,56,470
660,1041,97,456,164,56,472,24,57,57,469,57,56,469
661,1041,97,456,164,56,472,24,57,57,469,57,56,469
662,1039,87,454,164,56,472,25,57,57,471,57,56,471
663,1043,97,457,164,56,473,23,57,57,472,57,56,472
664,1045,97,458,164,56,474,23,57,57,473,57,56,473
665,1048,93,455,164,58,476,25,59,59,477,59,58,477
666,1040,95,453,166,56,474,23,57,57,470,57,56,470
667,1045,97,458,164,56,474,24,57,57,471,57,56,471
668,1045,97,458,164,56,474,24,57,57,473,57,56,473
669,1039,105,450,160,58,472,25,59,59,473,59,58,473
670,1045,87,457,170,56,475,25,57,57,474,57,56,474
671,1041,97,456,166,56,472,23,57,57,471,57,56,471
672,1041,97,456,166,56,472,23,57,57,471,57,56,471
673,1043,97,457,164,56,473,24,57,57,470,57,56,470
674,1043,97,457,164,56,473,24,57,57,470,57,56,470
675,1044,95,457,166,56,474,22,57,57,473,57,56,473
676,1043,97,457,164,56,473,24,57,57,470,57,56,470
677,1042,85,456,178,54,477,24,55,55,474,55,54,474
678,1043,85,456,177,56,474,24,57,57,473,57,56,473
679,1043,85,456,177,56,474,24,57,57,473,57,56,473
680,1039,87,454,164,56,472,24,57,57,469,57,56,469
681,1039,87,454,164,56,472,24,57,57,469,57,56,469
682,1040,97,455,168,56,472,24,57,57,469,57,56,469
683,1038,95,454,169,56,471,24,57,57,468,57,56,468
684,1038,97,454,166,56,471,24,57,57,468,57,56,468
685,1041,97,456,166,56,472,22,57,57,471,57,56,471
686,1035,101,454,164,56,468,24,57,57,465,57,56,465
687,1037,103,455,164,56,469,24,57,57,466,57,56,466
688,1036,95,452,165,56,471,23,57,57,468,57,56,468
689,1039,95,455,178,56,471,23,57,57,470,57,56,470
690,1035,93,451,169,56,471,24,57,57,468,57,56,468
691,1035,93,451,169,56,471,24,57,57,468,57,56,468
692,1040,97,455,162,56,472,24,57,57,469,57,56,469
693,1037,95,451,163,56,473,24,57,57,470,57,56,470
694,1035,93,451,169,56,471,24,57,57,468,57,56,468
695,1035,93,451,169,56,471,24,57,57,468,57,56,468
696,1038,99,454,167,56,471,23,57,57,468,57,56,468
697,1039,93,453,169,56,473,24,57,57,470,57,56,470
698,1041,101,454,164,56,474,24,57,57,471,57,56,471
699,1037,95,452,169,56,472,24,57,57,469,57,56,469
700,1040,97,455,169,56,472,24,57,57,469,57,56,469
701,1042,105,455,167,56,474,24,57,57,471,57,56,471
702,1043,107,457,167,56,473,24,57,57,470,57,56,470
703,1039,89,453,162,56,473,24,57,57,470,57,56,470
704,1038,97,452,164,56,473,24,57,57,470,57,56,470
705,1033,139,451,199,56,469,27,57,57,466,57,56,466
706,1034,97,448,149,56,473,21,57,57,472,57,56,472
707,1037,95,452,163,56,472,24,57,57,469,57,56,469
708,1038,97,454,163,56,471,24,57,57,468,57,56,468
709,1039,89,441,152,68,461,23,69,69,462,69,68,462
710,1041,83,444,158,64,468,24,65,65,469,65,64,469
711,1040,89,448,148,66,459,22,67,67,460,67,66,460
712,1038,99,453,164,56,472,24,57,57,469,57,56,469
713,1043,85,443,164,64,471,24,65,65,472,65,64,472
714,1038,99,453,162,56,472,24,57,57,469,57,56,469
715,1039,85,443,160,64,467,23,65,65,468,65,64,468
716,1045,83,447,148,64,469,23,65,65,470,65,64,470
717,1045,83,447,148,64,469,23,65,65,470,65,64,470
718,1043,97,457,150,56,473,24,57,57,470,57,56,470
719,1037,85,453,148,56,471,23,57,57,468,57,56,468
720,1037,95,454,168,56,470,24,57,57,468,57,56,468
721,1038,97,454,166,56,471,23,57,57,468,57,56,468
722,1036,101,453,168,56,470,23,57,57,469,57,56,469
723,1039,91,454,152,56,472,25,57,57,469,57,56,469
724,1040,97,455,168,56,472,24,57,57,470,57,56,470
725,1040,95,455,158,56,472,24,57,57,469,57,56,469
726,1042,99,455,160,56,474,26,57,57,471,57,56,471
727,1040,95,455,158,56,472,23,57,57,469,57,56,469
728,1037,95,454,158,56,470,25,57,57,467,57,56,467
729,1037,107,450,166,56,474,26,57,57,471,57,56,471
730,1037,95,454,165,56,470,24,57,57,467,57,56,467
731,1041,95,456,167,56,472,25,57,57,469,57,56,469
732,1041,95,456,167,56,472,25,57,57,469,57,56,469
733,1041,89,443,162,68,461,25,69,69,462,69,68,462
734,1041,85,443,170,68,461,22,69,69,462,69,68,462
735,1039,95,455,168,56,471,24,57,57,468,57,56,468
736,1040,87,454,168,56,473,24,57,57,470,57,56,470
737,1041,87,443,166,68,461,24,69,69,462,69,68,462
738,1038,87,453,156,56,472,24,57,57,469,57,56,469
739,1040,87,454,158,56,473,24,57,57,470,57,56,470
740,1038,87,453,154,56,472,24,57,57,469,57,56,469
741,1042,95,453,164,56,476,24,57,57,473,57,56,473
742,1039,87,455,152,56,471,23,57,57,468,57,56,468
743,1037,87,452,168,56,472,23,57,57,469,57,56,469
744,1039,87,453,170,56,473,23,57,57,470,57,56,470
745,1036,95,450,165,56,473,24,57,57,470,57,56,470
746,1036,95,450,165,56,473,24,57,57,470,57,56,470
747,1036,95,450,164,56,473,25,57,57,470,57,56,470
748,1039,87,454,170,56,472,25,57,57,469,57,56,469
749,1028,87,448,166,56,467,25,57,57,464,57,56,464
750,1036,99,453,158,56,470,25,57,57,467,57,56,467
751,1036,99,453,158,56,470,25,57,57,467,57,56,467
752,1036,99,453,158,56,470,25,57,57,467,57,56,467
753,1036,99,453,158,56,470,25,57,57,467,57,56,467
754,1030,99,450,150,56,467,26,57,57,465,57,56,465
755,1030,99,450,150,56,467,26,57,57,465,57,56,465
756,1031,99,451,146,56,467,22,57,57,456,57,56,456
757,1032,95,448,164,56,471,24,57,57,468,57,56,468
758,1027,87,448,162,56,466,20,57,57,455,57,56,455
759,1033,87,451,152,56,469,25,57,57,467,57,56,467
760,1039,101,454,164,56,472,24,57,57,470,57,56,470
761,1033,99,452,150,56,468,23,57,57,466,57,56,466
762,1033,89,451,164,56,469,24,57,57,466,57,56,466
763,1030,89,449,162,56,468,25,57,57,466,57,56,466
764,1035,99,453,170,56,469,25,57,57,467,57,56,467
765,1032,89,450,162,56,469,26,57,57,466,57,56,466
766,1032,89,450,162,56,469,26,57,57,466,57,56,466
767,1032,89,450,162,56,469,26,57,57,466,57,56,466
768,1028,97,448,164,56,467,25,57,57,464,57,56,464
769,1028,97,448,164,56,467,25,57,57,464,57,56,464
770,1030,97,448,162,56,469,22,57,57,415,57,56,415
771,1029,99,449,149,56,467,23,57,57,464,57,56,464
772,1031,99,450,146,56,468,25,57,57,465,57,56,465
773,1033,99,451,150,56,469,23,57,57,466,57,56,466
774,1037,99,453,152,56,471,25,57,57,468,57,56,468
775,1041,99,455,150,56,473,25,57,57,470,57,56,470
776,1027,99,448,150,56,466,23,57,57,463,57,56,463
777,1028,97,449,162,56,466,22,57,57,463,57,56,463
778,1025,97,446,152,56,466,24,57,57,463,57,56,463
779,1027,79,442,150,56,472,24,57,57,411,57,56,411
780,1023,103,447,154,56,463,25,57,57,460,57,56,460
781,1024,93,443,150,56,468,26,57,57,465,57,56,465
782,1026,93,444,150,56,469,26,57,57,466,57,56,466
783,1027,95,446,158,56,468,26,57,57,466,57,56,466
784,1028,95,446,146,56,469,23,57,57,468,57,56,468
785,1023,97,445,158,56,465,24,57,57,463,57,56,463
786,1023,95,444,154,56,466,24,57,57,465,57,56,465
787,1021,93,443,158,56,465,25,57,57,463,57,56,463
788,1022,95,442,158,58,463,26,59,59,464,59,58,464
789,1022,95,442,158,58,463,26,59,59,464,59,58,464
790,1025,95,444,164,56,468,25,57,57,465,57,56,465
791,1023,93,444,146,56,466,26,57,57,464,57,56,464
792,1027,99,447,146,56,467,26,57,57,465,57,56,465
793,1027,99,447,146,56,467,26,57,57,465,57,56,465
794,1029,101,449,144,56,467,24,57,57,465,57,56,465
795,1029,101,449,144,56,467,24,57,57,465,57,56,465
796,1031,101,450,146,56,468,24,57,57,465,57,56,465
797,1029,101,449,144,56,467,24,57,57,465,57,56,465
798,1031,101,450,146,56,468,24,57,57,465,57,56,465
799,1029,101,449,144,56,467,24,57,57,465,57,56,465
800,1029,101,449,144,56,467,24,57,57,465,57,56,465
801,1021,91,442,150,56,466,25,57,57,463,57,56,463
802,1033,99,451,174,56,469,27,57,57,466,57,56,466
803,1029,63,449,182,56,467,25,57,57,464,57,56,464
804,1030,101,450,152,56,467,25,57,57,464,57,56,464
805,1026,95,446,150,56,467,25,57,57,464,57,56,464
806,1024,93,445,150,56,466,25,57,57,463,57,56,463
807,1028,95,446,152,56,469,25,57,57,466,57,56,466
808,1028,95,446,152,56,469,25,57,57,466,57,56,466
809,1031,97,451,158,56,467,27,57,57,464,57,56,464
810,1035,97,453,168,56,469,27,57,57,466,57,56,466
811,1031,97,451,158,56,467,27,57,57,464,57,56,464
812,1028,93,445,160,56,470,24,57,57,468,57,56,468
813,1026,111,449,162,56,464,26,57,57,461,57,56,461
814,1027,97,449,163,56,465,25,57,57,462,57,56,462
815,1033,101,451,150,56,469,23,57,57,466,57,56,466
816,1037,95,449,162,56,475,25,57,57,472,57,56,472
817,1030,95,445,162,56,472,26,57,57,469,57,56,469
818,1029,97,450,160,56,466,26,57,57,464,57,56,464
819,1037,99,453,162,56,471,26,57,57,468,57,56,468
820,1037,99,453,162,56,471,26,57,57,468,57,56,468
821,1033,97,452,161,56,468,26,57,57,465,57,56,465
822,1034,97,452,150,56,469,25,57,57,466,57,56,466
823,1034,97,452,150,56,469,25,57,57,466,57,56,466
824,1032,107,452,160,56,467,26,57,57,464,57,56,464
825,1031,97,450,168,56,468,26,57,57,465,57,56,465
826,1031,97,447,156,56,471,26,57,57,469,57,56,469
827,1034,97,452,160,56,469,26,57,57,466,57,56,466
828,1035,97,449,160,56,473,26,57,57,470,57,56,470
829,1033,95,450,152,56,470,25,57,57,467,57,56,467
830,1033,95,450,152,56,470,25,57,57,467,57,56,467
831,1033,97,448,168,56,472,26,57,57,470,57,56,470
832,1035,99,448,158,56,474,26,57,57,472,57,56,472
833,1031,95,448,149,56,470,26,57,57,468,57,56,468
834,1032,105,449,165,56,470,26,57,57,468,57,56,468
835,1033,97,450,150,56,470,25,57,57,468,57,56,468
836,1031,99,449,152,56,469,26,57,57,467,57,56,467
837,1035,105,452,153,56,470,25,57,57,468,57,56,468
838,1034,95,449,152,56,472,26,57,57,470,57,56,470
839,1031,99,449,152,56,469,26,57,57,467,57,56,467
840,1031,99,449,152,56,469,26,57,57,467,57,56,467
841,1033,99,450,160,56,470,26,57,57,467,57,56,467
842,1033,99,450,160,56,470,26,57,57,467,57,56,467
843,1034,97,448,152,56,473,25,57,57,471,57,56,471
844,1035,95,451,166,56,471,26,57,57,469,57,56,469
845,1034,97,448,152,56,473,25,57,57,471,57,56,471
846,1031,99,449,162,56,469,26,57,57,467,57,56,467
847,1029,95,448,152,56,468,25,57,57,466,57,56,466
848,1029,99,448,164,56,468,25,57,57,466,57,56,466
849,1029,99,448,158,56,468,26,57,57,466,57,56,466
850,1033,99,450,164,56,470,26,57,57,468,57,56,468
851,1031,99,449,150,56,469,25,57,57,467,57,56,467
852,1034,99,450,150,56,471,24,57,57,471,57,56,471
853,1032,95,446,154,56,473,26,57,57,471,57,56,471
854,1027,99,447,166,56,467,27,57,57,465,57,56,465
855,1028,95,448,162,56,467,26,57,57,464,57,56,464
856,1030,101,447,166,56,470,26,57,57,468,57,56,468
857,1030,73,448,170,56,469,26,57,57,466,57,56,466
858,1030,73,448,170,56,469,26,57,57,466,57,56,466
859,1030,95,447,152,56,470,26,57,57,468,57,56,468
860,1033,105,451,134,56,469,23,57,57,462,57,56,462
861,1034,103,450,155,56,471,26,57,57,469,57,56,469
862,1036,103,451,155,56,472,26,57,57,470,57,56,470
863,1036,103,451,155,56,472,26,57,57,470,57,56,470
864,1036,103,451,155,56,472,26,57,57,470,57,56,470
865,1028,95,446,162,56,469,27,57,57,467,57,56,467
866,1028,95,448,150,56,467,27,57,57,465,57,56,465
867,1033,97,451,152,56,469,27,57,57,467,57,56,467
868,1033,97,451,152,56,469,27,57,57,467,57,56,467
869,1033,97,451,152,56,469,27,57,57,467,57,56,467
870,1029,95,448,152,56,468,27,57,57,466,57,56,466
871,1034,95,449,168,56,472,27,57,57,470,57,56,470
872,1033,99,450,170,56,470,27,57,57,469,57,56,469
873,1035,99,451,168,56,471,27,57,57,469,57,56,469
874,1035,95,451,155,56,471,27,57,57,469,57,56,469
875,1030,99,447,146,56,470,25,57,57,470,57,56,470
876,1030,99,447,146,56,470,25,57,57,470,57,56,470
877,1030,99,447,146,56,470,25,57,57,470,57,56,470
878,1030,99,447,146,56,470,25,57,57,470,57,56,470
879,1034,101,450,134,56,471,22,57,57,464,57,56,464
880,1031,99,446,146,56,472,25,57,57,472,57,56,472
881,1031,99,446,146,56,472,25,57,57,472,57,56,472
882,1031,99,446,146,56,472,25,57,57,472,57,56,472
883,1031,99,446,146,56,472,25,57,57,472,57,56,472
884,1029,99,445,146,56,471,25,57,57,471,57,56,471
885,1029,105,449,146,56,467,25,57,57,467,57,56,467
886,1033,105,451,154,56,469,27,57,57,467,57,56,467
887,1032,103,446,150,56,473,26,57,57,473,57,56,473
888,1032,101,449,148,56,470,26,57,57,468,57,56,468
889,1034,105,450,155,56,471,26,57,57,469,57,56,469
890,1034,105,450,155,56,471,26,57,57,469,57,56,469
891,1034,105,450,155,56,471,26,57,57,469,57,56,469
892,1037,103,451,155,56,473,27,57,57,471,57,56,471
893,1031,105,450,150,56,468,27,57,57,467,57,56,467
894,1031,105,450,150,56,468,27,57,57,467,57,56,467
895,1033,99,449,148,56,471,25,57,57,470,57,56,470
896,1031,105,450,150,56,468,27,57,57,467,57,56,467
897,1034,107,450,146,56,471,27,57,57,470,57,56,470
898,1037,105,453,156,56,471,27,57,57,469,57,56,469
899,1038,105,452,150,56,473,27,57,57,472,57,56,472
900,1034,109,450,150,56,471,27,57,57,470,57,56,470
901,1033,105,451,146,56,469,27,57,57,467,57,56,467
902,1033,105,451,144,56,469,27,57,57,468,57,56,468
903,1032,105,449,152,56,470,27,57,57,468,57,56,468
904,1036,105,451,152,56,472,27,57,57,470,57,56,470
905,1035,93,449,152,56,473,27,57,57,472,57,56,472
906,1033,105,451,152,56,469,27,57,57,468,57,56,468
907,1032,105,449,146,56,470,25,57,57,469,57,56,469
908,1032,103,450,150,56,469,27,57,57,468,57,56,468
909,1031,105,450,144,56,468,27,57,57,467,57,56,467
910,1033,105,451,144,56,469,27,57,57,468,57,56,468
911,1031,105,450,144,56,468,27,57,57,467,57,56,467
912,1034,101,450,148,56,471,27,57,57,470,57,56,470
913,1034,101,450,148,56,471,27,57,57,470,57,56,470
914,1035,105,451,154,58,467,27,59,59,468,59,58,468
915,1029,105,449,144,56,467,27,57,57,465,57,56,465
916,1030,105,448,148,56,469,27,57,57,467,57,56,467
917,1032,103,450,154,56,469,22,57,57,411,57,56,411
918,1029,99,448,152,56,468,22,57,57,411,57,56,411
919,1029,99,448,152,56,468,22,57,57,411,57,56,411
920,1031,105,449,150,58,465,27,59,59,466,59,58,466
921,1031,105,449,150,58,465,27,59,59,466,59,58,466
922,1033,105,449,164,56,471,26,57,57,469,57,56,469
923,1032,103,447,148,56,472,26,57,57,471,57,56,471
924,1034,105,449,146,58,468,27,59,59,469,59,58,469
925,1033,105,450,154,58,466,26,59,59,467,59,58,467
926,1034,101,449,162,56,472,26,57,57,471,57,56,471
927,1034,103,449,156,58,468,26,59,59,469,59,58,469
928,1034,103,449,156,58,468,26,59,59,469,59,58,469
929,1034,103,449,156,58,468,26,59,59,469,59,58,469
930,1038,103,453,166,58,468,26,59,59,469,59,58,469
931,1038,103,453,166,58,468,26,59,59,469,59,58,469
932,1034,103,449,156,58,468,26,59,59,469,59,58,469
933,1036,105,451,166,58,468,27,59,59,469,59,58,469
934,1034,103,449,156,58,468,26,59,59,469,59,58,469
935,1034,103,449,156,58,468,26,59,59,469,59,58,469
936,1034,103,449,156,58,468,26,59,59,469,59,58,469
937,1031,105,449,154,58,465,27,59,59,466,59,58,466
938,1032,103,448,146,58,467,27,59,59,468,59,58,468
939,1031,105,449,154,58,465,27,59,59,466,59,58,466
940,1031,105,449,154,58,465,27,59,59,466,59,58,466
941,1029,105,448,154,58,464,27,59,59,465,59,58,465
942,1031,105,449,152,58,465,26,59,59,466,59,58,466
943,1033,105,450,154,58,466,26,59,59,467,59,58,467
944,1029,105,448,154,58,464,27,59,59,465,59,58,465
945,1029,105,448,154,58,464,27,59,59,465,59,58,465
946,1035,99,450,152,58,468,26,59,59,469,59,58,469
947,1031,99,448,156,58,466,27,59,59,467,59,58,467
948,1039,63,451,150,58,471,27,59,59,472,59,58,472
949,1025,103,445,146,58,463,27,59,59,464,59,58,464
950,1023,105,446,146,56,464,27,57,57,462,57,56,462
951,1023,105,446,146,56,464,27,57,57,462,57,56,462
952,1024,71,443,140,58,464,27,59,59,465,59,58,465
953,1029,105,448,152,58,464,26,59,59,465,59,58,465
954,1029,105,448,152,58,464,26,59,59,465,59,58,465
955,1035,105,452,154,56,470,27,57,57,468,57,56,468
956,1029,105,449,146,56,467,27,57,57,465,57,56,465
957,1030,103,447,156,58,466,27,59,59,467,59,58,467
958,1029,105,449,146,56,467,27,57,57,465,57,56,465
959,1030,103,447,146,58,466,27,59,59,467,59,58,467
960,1032,103,448,158,58,467,26,59,59,468,59,58,468
961,1031,105,449,148,58,465,27,59,59,466,59,58,466
962,1031,103,448,148,58,466,27,59,59,467,59,58,467
963,1029,103,447,142,58,465,27,59,59,466,59,58,466
964,1029,103,447,142,58,465,27,59,59,466,59,58,466
965,1029,103,447,142,58,465,27,59,59,466,59,58,466
966,1031,103,448,146,58,466,27,59,59,467,59,58,467
967,1031,103,448,146,58,466,27,59,59,467,59,58,467
968,1029,99,447,148,58,465,27,59,59,466,59,58,466
969,1029,99,447,148,58,465,27,59,59,466,59,58,466
970,1025,103,445,146,58,463,27,59,59,464,59,58,464
971,1027,103,447,154,56,467,26,57,57,465,57,56,465
972,1025,103,445,146,58,463,27,59,59,464,59,58,464
973,1030,103,447,140,58,466,27,59,59,467,59,58,467
974,1032,103,448,148,58,467,27,59,59,468,59,58,468
975,1025,99,445,138,58,463,27,59,59,464,59,58,464
976,1027,99,446,142,58,464,27,59,59,465,59,58,465
977,1029,99,447,148,58,465,27,59,59,466,59,58,466
978,1029,99,447,148,58,465,27,59,59,466,59,58,466
979,1029,99,447,148,58,465,27,59,59,466,59,58,466
980,1024,103,444,146,58,463,27,59,59,464,59,58,464
981,1024,103,444,146,58,463,27,59,59,464,59,58,464
982,1024,103,444,146,58,463,27,59,59,464,59,58,464
983,1024,103,444,138,58,463,27,59,59,464,59,58,464
984,1024,103,444,134,58,463,27,59,59,464,59,58,464
985,1027,103,446,146,58,464,27,59,59,465,59,58,465
986,1027,103,446,146,58,464,27,59,59,465,59,58,465
987,1029,103,447,146,58,465,27,59,59,466,59,58,466
988,1029,101,447,148,58,465,27,59,59,466,59,58,466
989,1028,103,446,144,58,465,27,59,59,466,59,58,466
990,1031,103,448,140,58,466,27,59,59,467,59,58,467
991,1028,103,446,146,58,465,25,59,59,466,59,58,466
992,1028,103,446,146,58,465,25,59,59,466,59,58,466
993,1028,103,446,146,58,465,25,59,59,466,59,58,466
994,1028,103,446,146,58,465,25,59,59,466,59,58,466
995,1026,103,445,144,58,464,25,59,59,465,59,58,465
996,1030,99,447,144,58,466,27,59,59,467,59,58,467
997,1030,99,447,144,58,466,27,59,59,467,59,58,467
998,1022,63,444,146,58,461,27,59,59,462,59,58,462
999,1023,103,444,148,58,462,27,59,59,463,59,58,463
